Kline open time,Open price,High price,Low price,Close price,Volume,Kline Close time,Quote asset volume,Number of trades,Taker buy base asset volume,Taker buy quote asset volume,"Unused field, ignore"
,,,,,,,,,,,
1691088000000,0.66200000,0.66200000,0.66200000,0.66200000,0.00000000,1691088059999,0.00000000,0,0.00000000,0.00000000,0
,,,,,,,,,,,
1691088060000,0.66200000,0.66200000,0.66200000,0.66200000,0.00000000,1691088119999,0.00000000,0,0.00000000,0.00000000,0
,,,,,,,,,,,
1691088120000,0.66200000,0.66200000,0.66200000,0.66200000,0.00000000,1691088179999,0.00000000,0,0.00000000,0.00000000,0
,,,,,,,,,,,
1691088180000,0.66200000,0.66200000,0.66200000,0.66200000,0.00000000,1691088239999,0.00000000,0,0.00000000,0.00000000,0
,,,,,,,,,,,
1691088240000,0.66200000,0.66200000,0.66200000,0.66200000,0.00000000,1691088299999,0.00000000,0,0.00000000,0.00000000,0
,,,,,,,,,,,
1691088300000,0.66600000,0.66900000,0.66600000,0.66900000,820.49000000,1691088359999,548.51908000,3,820.49000000,548.51908000,0
,,,,,,,,,,,
1691088360000,0.66900000,0.66900000,0.66900000,0.66900000,0.00000000,1691088419999,0.00000000,0,0.00000000,0.00000000,0
,,,,,,,,,,,
1691088420000,0.66900000,0.66900000,0.66900000,0.66900000,0.00000000,1691088479999,0.00000000,0,0.00000000,0.00000000,0
,,,,,,,,,,,
1691088480000,0.66900000,0.66900000,0.66900000,0.66900000,0.00000000,1691088539999,0.00000000,0,0.00000000,0.00000000,0
,,,,,,,,,,,
1691088540000,0.66900000,0.66900000,0.66900000,0.66900000,0.00000000,1691088599999,0.00000000,0,0.00000000,0.00000000,0
,,,,,,,,,,,
1691088600000,0.66900000,0.66900000,0.66900000,0.66900000,0.00000000,1691088659999,0.00000000,0,0.00000000,0.00000000,0
,,,,,,,,,,,
1691088660000,0.66900000,0.66900000,0.66900000,0.66900000,0.00000000,1691088719999,0.00000000,0,0.00000000,0.00000000,0
,,,,,,,,,,,
1691088720000,0.66900000,0.66900000,0.66900000,0.66900000,0.00000000,1691088779999,0.00000000,0,0.00000000,0.00000000,0
,,,,,,,,,,,
1691088780000,0.66900000,0.66900000,0.66900000,0.66900000,0.00000000,1691088839999,0.00000000,0,0.00000000,0.00000000,0
,,,,,,,,,,,
1691088840000,0.66900000,0.66900000,0.66900000,0.66900000,0.00000000,1691088899999,0.00000000,0,0.00000000,0.00000000,0
,,,,,,,,,,,
1691088900000,0.66900000,0.66900000,0.66900000,0.66900000,0.00000000,1691088959999,0.00000000,0,0.00000000,0.00000000,0
,,,,,,,,,,,
1691088960000,0.66900000,0.66900000,0.66900000,0.66900000,0.00000000,1691089019999,0.00000000,0,0.00000000,0.00000000,0
,,,,,,,,,,,
1691089020000,0.66900000,0.66900000,0.66900000,0.66900000,0.00000000,1691089079999,0.00000000,0,0.00000000,0.00000000,0
,,,,,,,,,,,
1691089080000,0.66900000,0.66900000,0.66900000,0.66900000,0.00000000,1691089139999,0.00000000,0,0.00000000,0.00000000,0
,,,,,,,,,,,
1691089140000,0.66900000,0.66900000,0.66900000,0.66900000,0.00000000,1691089199999,0.00000000,0,0.00000000,0.00000000,0
,,,,,,,,,,,
1691089200000,0.66900000,0.66900000,0.66900000,0.66900000,0.00000000,1691089259999,0.00000000,0,0.00000000,0.00000000,0
,,,,,,,,,,,
1691089260000,0.66900000,0.66900000,0.66900000,0.66900000,0.00000000,1691089319999,0.00000000,0,0.00000000,0.00000000,0
,,,,,,,,,,,
1691089320000,0.66900000,0.66900000,0.66900000,0.66900000,0.00000000,1691089379999,0.00000000,0,0.00000000,0.00000000,0
,,,,,,,,,,,
1691089380000,0.66900000,0.66900000,0.66900000,0.66900000,0.00000000,1691089439999,0.00000000,0,0.00000000,0.00000000,0
,,,,,,,,,,,
1691089440000,0.66900000,0.66900000,0.66900000,0.66900000,0.00000000,1691089499999,0.00000000,0,0.00000000,0.00000000,0
,,,,,,,,,,,
1691089500000,0.66900000,0.66900000,0.66900000,0.66900000,0.00000000,1691089559999,0.00000000,0,0.00000000,0.00000000,0
,,,,,,,,,,,
1691089560000,0.66900000,0.66900000,0.66900000,0.66900000,0.00000000,1691089619999,0.00000000,0,0.00000000,0.00000000,0
,,,,,,,,,,,
1691089620000,0.66900000,0.66900000,0.66900000,0.66900000,0.00000000,1691089679999,0.00000000,0,0.00000000,0.00000000,0
,,,,,,,,,,,
1691089680000,0.66900000,0.66900000,0.66900000,0.66900000,0.00000000,1691089739999,0.00000000,0,0.00000000,0.00000000,0
,,,,,,,,,,,
1691089740000,0.66900000,0.66900000,0.66900000,0.66900000,0.00000000,1691089799999,0.00000000,0,0.00000000,0.00000000,0
,,,,,,,,,,,
1691089800000,0.66900000,0.66900000,0.66900000,0.66900000,0.00000000,1691089859999,0.00000000,0,0.00000000,0.00000000,0
,,,,,,,,,,,
1691089860000,0.66900000,0.66900000,0.66900000,0.66900000,0.00000000,1691089919999,0.00000000,0,0.00000000,0.00000000,0
,,,,,,,,,,,
1691089920000,0.66900000,0.66900000,0.66900000,0.66900000,0.00000000,1691089979999,0.00000000,0,0.00000000,0.00000000,0
,,,,,,,,,,,
1691089980000,0.66900000,0.66900000,0.66900000,0.66900000,0.00000000,1691090039999,0.00000000,0,0.00000000,0.00000000,0
,,,,,,,,,,,
1691090040000,0.66900000,0.66900000,0.66900000,0.66900000,0.00000000,1691090099999,0.00000000,0,0.00000000,0.00000000,0
,,,,,,,,,,,
1691090100000,0.66900000,0.66900000,0.66900000,0.66900000,0.00000000,1691090159999,0.00000000,0,0.00000000,0.00000000,0
,,,,,,,,,,,
1691090160000,0.66900000,0.66900000,0.66900000,0.66900000,0.00000000,1691090219999,0.00000000,0,0.00000000,0.00000000,0
,,,,,,,,,,,
1691090220000,0.66900000,0.66900000,0.66900000,0.66900000,0.00000000,1691090279999,0.00000000,0,0.00000000,0.00000000,0
,,,,,,,,,,,
1691090280000,0.66900000,0.66900000,0.66900000,0.66900000,0.00000000,1691090339999,0.00000000,0,0.00000000,0.00000000,0
,,,,,,,,,,,
1691090340000,0.66900000,0.66900000,0.66900000,0.66900000,0.00000000,1691090399999,0.00000000,0,0.00000000,0.00000000,0
,,,,,,,,,,,
1691090400000,0.66900000,0.66900000,0.66900000,0.66900000,0.00000000,1691090459999,0.00000000,0,0.00000000,0.00000000,0
,,,,,,,,,,,
1691090460000,0.66900000,0.66900000,0.66900000,0.66900000,0.00000000,1691090519999,0.00000000,0,0.00000000,0.00000000,0
,,,,,,,,,,,
1691090520000,0.66900000,0.66900000,0.66900000,0.66900000,0.00000000,1691090579999,0.00000000,0,0.00000000,0.00000000,0
,,,,,,,,,,,
1691090580000,0.66900000,0.66900000,0.66900000,0.66900000,0.00000000,1691090639999,0.00000000,0,0.00000000,0.00000000,0
,,,,,,,,,,,
1691090640000,0.66900000,0.66900000,0.66900000,0.66900000,0.00000000,1691090699999,0.00000000,0,0.00000000,0.00000000,0
,,,,,,,,,,,
1691090700000,0.66900000,0.66900000,0.66900000,0.66900000,0.00000000,1691090759999,0.00000000,0,0.00000000,0.00000000,0
,,,,,,,,,,,
1691090760000,0.66900000,0.66900000,0.66900000,0.66900000,0.00000000,1691090819999,0.00000000,0,0.00000000,0.00000000,0
,,,,,,,,,,,
1691090820000,0.66900000,0.66900000,0.66900000,0.66900000,0.00000000,1691090879999,0.00000000,0,0.00000000,0.00000000,0
,,,,,,,,,,,
1691090880000,0.66900000,0.66900000,0.66900000,0.66900000,0.00000000,1691090939999,0.00000000,0,0.00000000,0.00000000,0
,,,,,,,,,,,
1691090940000,0.66900000,0.66900000,0.66900000,0.66900000,0.00000000,1691090999999,0.00000000,0,0.00000000,0.00000000,0
,,,,,,,,,,,
1691091000000,0.66900000,0.66900000,0.66900000,0.66900000,0.00000000,1691091059999,0.00000000,0,0.00000000,0.00000000,0
,,,,,,,,,,,
1691091060000,0.66900000,0.66900000,0.66900000,0.66900000,0.00000000,1691091119999,0.00000000,0,0.00000000,0.00000000,0
,,,,,,,,,,,
1691091120000,0.66900000,0.66900000,0.66900000,0.66900000,0.00000000,1691091179999,0.00000000,0,0.00000000,0.00000000,0
,,,,,,,,,,,
1691091180000,0.66600000,0.66600000,0.66600000,0.66600000,61.94000000,1691091239999,41.25204000,1,61.94000000,41.25204000,0
,,,,,,,,,,,
1691091240000,0.66600000,0.66600000,0.66600000,0.66600000,0.00000000,1691091299999,0.00000000,0,0.00000000,0.00000000,0
,,,,,,,,,,,
1691091300000,0.66600000,0.66600000,0.66600000,0.66600000,0.00000000,1691091359999,0.00000000,0,0.00000000,0.00000000,0
,,,,,,,,,,,
1691091360000,0.66600000,0.66600000,0.66600000,0.66600000,0.00000000,1691091419999,0.00000000,0,0.00000000,0.00000000,0
,,,,,,,,,,,
1691091420000,0.66600000,0.66600000,0.66600000,0.66600000,0.00000000,1691091479999,0.00000000,0,0.00000000,0.00000000,0
,,,,,,,,,,,
1691091480000,0.66600000,0.66600000,0.66600000,0.66600000,0.00000000,1691091539999,0.00000000,0,0.00000000,0.00000000,0
,,,,,,,,,,,
1691091540000,0.66600000,0.66600000,0.66600000,0.66600000,0.00000000,1691091599999,0.00000000,0,0.00000000,0.00000000,0
,,,,,,,,,,,
1691091600000,0.66600000,0.66600000,0.66600000,0.66600000,0.00000000,1691091659999,0.00000000,0,0.00000000,0.00000000,0
,,,,,,,,,,,
1691091660000,0.66600000,0.66600000,0.66600000,0.66600000,0.00000000,1691091719999,0.00000000,0,0.00000000,0.00000000,0
,,,,,,,,,,,
1691091720000,0.66600000,0.66600000,0.66600000,0.66600000,0.00000000,1691091779999,0.00000000,0,0.00000000,0.00000000,0
,,,,,,,,,,,
1691091780000,0.66600000,0.66600000,0.66600000,0.66600000,162.34000000,1691091839999,108.11844000,1,162.34000000,108.11844000,0
,,,,,,,,,,,
1691091840000,0.66600000,0.66600000,0.66600000,0.66600000,0.00000000,1691091899999,0.00000000,0,0.00000000,0.00000000,0
,,,,,,,,,,,
1691091900000,0.66600000,0.66600000,0.66600000,0.66600000,0.00000000,1691091959999,0.00000000,0,0.00000000,0.00000000,0
,,,,,,,,,,,
1691091960000,0.66600000,0.66600000,0.66600000,0.66600000,0.00000000,1691092019999,0.00000000,0,0.00000000,0.00000000,0
,,,,,,,,,,,
1691092020000,0.66600000,0.66600000,0.66600000,0.66600000,0.00000000,1691092079999,0.00000000,0,0.00000000,0.00000000,0
,,,,,,,,,,,
1691092080000,0.66600000,0.66600000,0.66600000,0.66600000,0.00000000,1691092139999,0.00000000,0,0.00000000,0.00000000,0
,,,,,,,,,,,
1691092140000,0.66600000,0.66600000,0.66600000,0.66600000,0.00000000,1691092199999,0.00000000,0,0.00000000,0.00000000,0
,,,,,,,,,,,
1691092200000,0.66600000,0.66600000,0.66600000,0.66600000,742.14000000,1691092259999,494.26524000,3,742.14000000,494.26524000,0
,,,,,,,,,,,
1691092260000,0.66600000,0.66600000,0.66600000,0.66600000,0.00000000,1691092319999,0.00000000,0,0.00000000,0.00000000,0
,,,,,,,,,,,
1691092320000,0.66600000,0.66600000,0.66600000,0.66600000,0.00000000,1691092379999,0.00000000,0,0.00000000,0.00000000,0
,,,,,,,,,,,
1691092380000,0.66600000,0.66600000,0.66600000,0.66600000,36.97000000,1691092439999,24.62202000,1,36.97000000,24.62202000,0
,,,,,,,,,,,
1691092440000,0.66600000,0.66600000,0.66600000,0.66600000,0.00000000,1691092499999,0.00000000,0,0.00000000,0.00000000,0
,,,,,,,,,,,
1691092500000,0.66600000,0.66600000,0.66600000,0.66600000,0.00000000,1691092559999,0.00000000,0,0.00000000,0.00000000,0
,,,,,,,,,,,
1691092560000,0.66600000,0.66600000,0.66600000,0.66600000,0.00000000,1691092619999,0.00000000,0,0.00000000,0.00000000,0
,,,,,,,,,,,
1691092620000,0.66600000,0.66600000,0.66600000,0.66600000,0.00000000,1691092679999,0.00000000,0,0.00000000,0.00000000,0
,,,,,,,,,,,
1691092680000,0.66600000,0.66600000,0.66600000,0.66600000,0.00000000,1691092739999,0.00000000,0,0.00000000,0.00000000,0
,,,,,,,,,,,
1691092740000,0.66600000,0.66600000,0.66600000,0.66600000,0.00000000,1691092799999,0.00000000,0,0.00000000,0.00000000,0
,,,,,,,,,,,
1691092800000,0.66600000,0.66600000,0.66600000,0.66600000,0.00000000,1691092859999,0.00000000,0,0.00000000,0.00000000,0
,,,,,,,,,,,
1691092860000,0.66600000,0.66600000,0.66600000,0.66600000,0.00000000,1691092919999,0.00000000,0,0.00000000,0.00000000,0
,,,,,,,,,,,
1691092920000,0.66600000,0.66600000,0.66600000,0.66600000,0.00000000,1691092979999,0.00000000,0,0.00000000,0.00000000,0
,,,,,,,,,,,
1691092980000,0.66600000,0.66600000,0.66600000,0.66600000,0.00000000,1691093039999,0.00000000,0,0.00000000,0.00000000,0
,,,,,,,,,,,
1691093040000,0.66600000,0.66600000,0.66600000,0.66600000,0.00000000,1691093099999,0.00000000,0,0.00000000,0.00000000,0
,,,,,,,,,,,
1691093100000,0.66600000,0.66600000,0.66600000,0.66600000,0.00000000,1691093159999,0.00000000,0,0.00000000,0.00000000,0
,,,,,,,,,,,
1691093160000,0.66600000,0.66600000,0.66600000,0.66600000,0.00000000,1691093219999,0.00000000,0,0.00000000,0.00000000,0
,,,,,,,,,,,
1691093220000,0.66600000,0.66600000,0.66600000,0.66600000,0.00000000,1691093279999,0.00000000,0,0.00000000,0.00000000,0
,,,,,,,,,,,
1691093280000,0.66600000,0.66600000,0.66600000,0.66600000,0.00000000,1691093339999,0.00000000,0,0.00000000,0.00000000,0
,,,,,,,,,,,
1691093340000,0.66600000,0.66600000,0.66600000,0.66600000,0.00000000,1691093399999,0.00000000,0,0.00000000,0.00000000,0
,,,,,,,,,,,
1691093400000,0.66600000,0.66600000,0.66600000,0.66600000,0.00000000,1691093459999,0.00000000,0,0.00000000,0.00000000,0
,,,,,,,,,,,
1691093460000,0.66600000,0.66600000,0.66600000,0.66600000,0.00000000,1691093519999,0.00000000,0,0.00000000,0.00000000,0
,,,,,,,,,,,
1691093520000,0.66600000,0.66600000,0.66600000,0.66600000,0.00000000,1691093579999,0.00000000,0,0.00000000,0.00000000,0
,,,,,,,,,,,
1691093580000,0.66600000,0.66600000,0.66600000,0.66600000,0.00000000,1691093639999,0.00000000,0,0.00000000,0.00000000,0
,,,,,,,,,,,
1691093640000,0.66600000,0.66600000,0.66600000,0.66600000,0.00000000,1691093699999,0.00000000,0,0.00000000,0.00000000,0
,,,,,,,,,,,
1691093700000,0.66600000,0.66600000,0.66600000,0.66600000,0.00000000,1691093759999,0.00000000,0,0.00000000,0.00000000,0
,,,,,,,,,,,
1691093760000,0.66600000,0.66600000,0.66600000,0.66600000,0.00000000,1691093819999,0.00000000,0,0.00000000,0.00000000,0
,,,,,,,,,,,
1691093820000,0.66600000,0.66600000,0.66600000,0.66600000,0.00000000,1691093879999,0.00000000,0,0.00000000,0.00000000,0
,,,,,,,,,,,
1691093880000,0.66600000,0.66600000,0.66600000,0.66600000,0.00000000,1691093939999,0.00000000,0,0.00000000,0.00000000,0
,,,,,,,,,,,
1691093940000,0.66600000,0.66600000,0.66600000,0.66600000,0.00000000,1691093999999,0.00000000,0,0.00000000,0.00000000,0
,,,,,,,,,,,
1691094000000,0.66600000,0.66600000,0.66600000,0.66600000,0.00000000,1691094059999,0.00000000,0,0.00000000,0.00000000,0
,,,,,,,,,,,
1691094060000,0.66600000,0.66600000,0.66600000,0.66600000,0.00000000,1691094119999,0.00000000,0,0.00000000,0.00000000,0
,,,,,,,,,,,
1691094120000,0.66600000,0.66600000,0.66600000,0.66600000,0.00000000,1691094179999,0.00000000,0,0.00000000,0.00000000,0
,,,,,,,,,,,
1691094180000,0.66600000,0.66600000,0.66600000,0.66600000,0.00000000,1691094239999,0.00000000,0,0.00000000,0.00000000,0
,,,,,,,,,,,
1691094240000,0.66600000,0.66600000,0.66600000,0.66600000,0.00000000,1691094299999,0.00000000,0,0.00000000,0.00000000,0
,,,,,,,,,,,
1691094300000,0.66600000,0.66600000,0.66600000,0.66600000,0.00000000,1691094359999,0.00000000,0,0.00000000,0.00000000,0
,,,,,,,,,,,
1691094360000,0.66600000,0.66600000,0.66600000,0.66600000,0.00000000,1691094419999,0.00000000,0,0.00000000,0.00000000,0
,,,,,,,,,,,
1691094420000,0.66600000,0.66600000,0.66600000,0.66600000,0.00000000,1691094479999,0.00000000,0,0.00000000,0.00000000,0
,,,,,,,,,,,
1691094480000,0.66600000,0.66600000,0.66600000,0.66600000,0.00000000,1691094539999,0.00000000,0,0.00000000,0.00000000,0
,,,,,,,,,,,
1691094540000,0.66600000,0.66600000,0.66600000,0.66600000,0.00000000,1691094599999,0.00000000,0,0.00000000,0.00000000,0
,,,,,,,,,,,
1691094600000,0.66600000,0.66600000,0.66600000,0.66600000,0.00000000,1691094659999,0.00000000,0,0.00000000,0.00000000,0
,,,,,,,,,,,
1691094660000,0.66600000,0.66600000,0.66600000,0.66600000,0.00000000,1691094719999,0.00000000,0,0.00000000,0.00000000,0
,,,,,,,,,,,
1691094720000,0.66600000,0.66600000,0.66600000,0.66600000,0.00000000,1691094779999,0.00000000,0,0.00000000,0.00000000,0
,,,,,,,,,,,
1691094780000,0.66700000,0.66700000,0.66700000,0.66700000,92.50000000,1691094839999,61.69750000,2,92.50000000,61.69750000,0
,,,,,,,,,,,
1691094840000,0.66700000,0.66700000,0.66700000,0.66700000,0.00000000,1691094899999,0.00000000,0,0.00000000,0.00000000,0
,,,,,,,,,,,
1691094900000,0.66700000,0.66700000,0.66700000,0.66700000,0.00000000,1691094959999,0.00000000,0,0.00000000,0.00000000,0
,,,,,,,,,,,
1691094960000,0.66700000,0.66700000,0.66700000,0.66700000,0.00000000,1691095019999,0.00000000,0,0.00000000,0.00000000,0
,,,,,,,,,,,
1691095020000,0.66700000,0.66700000,0.66700000,0.66700000,0.00000000,1691095079999,0.00000000,0,0.00000000,0.00000000,0
,,,,,,,,,,,
1691095080000,0.66700000,0.66700000,0.66700000,0.66700000,0.00000000,1691095139999,0.00000000,0,0.00000000,0.00000000,0
,,,,,,,,,,,
1691095140000,0.66700000,0.66700000,0.66700000,0.66700000,0.00000000,1691095199999,0.00000000,0,0.00000000,0.00000000,0
,,,,,,,,,,,
1691095200000,0.66700000,0.66700000,0.66700000,0.66700000,0.00000000,1691095259999,0.00000000,0,0.00000000,0.00000000,0
,,,,,,,,,,,
1691095260000,0.66700000,0.66700000,0.66700000,0.66700000,0.00000000,1691095319999,0.00000000,0,0.00000000,0.00000000,0
,,,,,,,,,,,
1691095320000,0.66700000,0.66700000,0.66700000,0.66700000,0.00000000,1691095379999,0.00000000,0,0.00000000,0.00000000,0
,,,,,,,,,,,
1691095380000,0.66700000,0.66700000,0.66700000,0.66700000,0.00000000,1691095439999,0.00000000,0,0.00000000,0.00000000,0
,,,,,,,,,,,
1691095440000,0.66700000,0.66700000,0.66700000,0.66700000,0.00000000,1691095499999,0.00000000,0,0.00000000,0.00000000,0
,,,,,,,,,,,
1691095500000,0.66700000,0.66700000,0.66700000,0.66700000,2047.16000000,1691095559999,1365.45572000,6,2047.16000000,1365.45572000,0
,,,,,,,,,,,
1691095560000,0.66700000,0.66700000,0.66700000,0.66700000,0.00000000,1691095619999,0.00000000,0,0.00000000,0.00000000,0
,,,,,,,,,,,
1691095620000,0.66700000,0.66700000,0.66700000,0.66700000,0.00000000,1691095679999,0.00000000,0,0.00000000,0.00000000,0
,,,,,,,,,,,
1691095680000,0.66700000,0.66700000,0.66700000,0.66700000,0.00000000,1691095739999,0.00000000,0,0.00000000,0.00000000,0
,,,,,,,,,,,
1691095740000,0.66700000,0.66700000,0.66700000,0.66700000,0.00000000,1691095799999,0.00000000,0,0.00000000,0.00000000,0
,,,,,,,,,,,
1691095800000,0.66700000,0.66700000,0.66700000,0.66700000,0.00000000,1691095859999,0.00000000,0,0.00000000,0.00000000,0
,,,,,,,,,,,
1691095860000,0.66700000,0.66700000,0.66700000,0.66700000,0.00000000,1691095919999,0.00000000,0,0.00000000,0.00000000,0
,,,,,,,,,,,
1691095920000,0.66700000,0.66700000,0.66700000,0.66700000,0.00000000,1691095979999,0.00000000,0,0.00000000,0.00000000,0
,,,,,,,,,,,
1691095980000,0.66700000,0.66700000,0.66700000,0.66700000,0.00000000,1691096039999,0.00000000,0,0.00000000,0.00000000,0
,,,,,,,,,,,
1691096040000,0.66700000,0.66700000,0.66700000,0.66700000,0.00000000,1691096099999,0.00000000,0,0.00000000,0.00000000,0
,,,,,,,,,,,
1691096100000,0.66700000,0.66700000,0.66700000,0.66700000,0.00000000,1691096159999,0.00000000,0,0.00000000,0.00000000,0
,,,,,,,,,,,
1691096160000,0.66700000,0.66700000,0.66700000,0.66700000,0.00000000,1691096219999,0.00000000,0,0.00000000,0.00000000,0
,,,,,,,,,,,
1691096220000,0.66700000,0.66700000,0.66700000,0.66700000,0.00000000,1691096279999,0.00000000,0,0.00000000,0.00000000,0
,,,,,,,,,,,
1691096280000,0.66700000,0.66700000,0.66700000,0.66700000,0.00000000,1691096339999,0.00000000,0,0.00000000,0.00000000,0
,,,,,,,,,,,
1691096340000,0.66700000,0.66700000,0.66700000,0.66700000,0.00000000,1691096399999,0.00000000,0,0.00000000,0.00000000,0
,,,,,,,,,,,
1691096400000,0.66700000,0.66700000,0.66700000,0.66700000,0.00000000,1691096459999,0.00000000,0,0.00000000,0.00000000,0
,,,,,,,,,,,
1691096460000,0.66700000,0.66700000,0.66700000,0.66700000,0.00000000,1691096519999,0.00000000,0,0.00000000,0.00000000,0
,,,,,,,,,,,
1691096520000,0.66700000,0.66700000,0.66700000,0.66700000,0.00000000,1691096579999,0.00000000,0,0.00000000,0.00000000,0
,,,,,,,,,,,
1691096580000,0.66700000,0.66700000,0.66700000,0.66700000,0.00000000,1691096639999,0.00000000,0,0.00000000,0.00000000,0
,,,,,,,,,,,
1691096640000,0.66600000,0.66600000,0.66600000,0.66600000,38.02000000,1691096699999,25.32132000,1,0.00000000,0.00000000,0
,,,,,,,,,,,
1691096700000,0.66600000,0.66600000,0.66600000,0.66600000,0.00000000,1691096759999,0.00000000,0,0.00000000,0.00000000,0
,,,,,,,,,,,
1691096760000,0.66600000,0.66600000,0.66600000,0.66600000,0.00000000,1691096819999,0.00000000,0,0.00000000,0.00000000,0
,,,,,,,,,,,
1691096820000,0.66600000,0.66600000,0.66600000,0.66600000,0.00000000,1691096879999,0.00000000,0,0.00000000,0.00000000,0
,,,,,,,,,,,
1691096880000,0.66600000,0.66600000,0.66600000,0.66600000,0.00000000,1691096939999,0.00000000,0,0.00000000,0.00000000,0
,,,,,,,,,,,
1691096940000,0.66600000,0.66600000,0.66600000,0.66600000,0.00000000,1691096999999,0.00000000,0,0.00000000,0.00000000,0
,,,,,,,,,,,
1691097000000,0.66600000,0.66600000,0.66600000,0.66600000,0.00000000,1691097059999,0.00000000,0,0.00000000,0.00000000,0
,,,,,,,,,,,
1691097060000,0.66600000,0.66600000,0.66600000,0.66600000,5.24000000,1691097119999,3.48984000,1,0.00000000,0.00000000,0
,,,,,,,,,,,
1691097120000,0.66600000,0.66600000,0.66600000,0.66600000,0.00000000,1691097179999,0.00000000,0,0.00000000,0.00000000,0
,,,,,,,,,,,
1691097180000,0.66600000,0.66600000,0.66600000,0.66600000,0.00000000,1691097239999,0.00000000,0,0.00000000,0.00000000,0
,,,,,,,,,,,
1691097240000,0.66600000,0.66600000,0.66600000,0.66600000,0.00000000,1691097299999,0.00000000,0,0.00000000,0.00000000,0
,,,,,,,,,,,
1691097300000,0.66600000,0.66600000,0.66600000,0.66600000,0.00000000,1691097359999,0.00000000,0,0.00000000,0.00000000,0
,,,,,,,,,,,
1691097360000,0.66600000,0.66600000,0.66600000,0.66600000,0.00000000,1691097419999,0.00000000,0,0.00000000,0.00000000,0
,,,,,,,,,,,
1691097420000,0.66600000,0.66600000,0.66600000,0.66600000,0.00000000,1691097479999,0.00000000,0,0.00000000,0.00000000,0
,,,,,,,,,,,
1691097480000,0.66600000,0.66600000,0.66600000,0.66600000,0.00000000,1691097539999,0.00000000,0,0.00000000,0.00000000,0
,,,,,,,,,,,
1691097540000,0.66600000,0.66600000,0.66600000,0.66600000,0.00000000,1691097599999,0.00000000,0,0.00000000,0.00000000,0
,,,,,,,,,,,
1691097600000,0.66600000,0.66600000,0.66600000,0.66600000,0.00000000,1691097659999,0.00000000,0,0.00000000,0.00000000,0
,,,,,,,,,,,
1691097660000,0.66500000,0.66500000,0.66500000,0.66500000,20.85000000,1691097719999,13.86525000,1,0.00000000,0.00000000,0
,,,,,,,,,,,
1691097720000,0.66500000,0.66500000,0.66500000,0.66500000,0.00000000,1691097779999,0.00000000,0,0.00000000,0.00000000,0
,,,,,,,,,,,
1691097780000,0.66500000,0.66500000,0.66500000,0.66500000,0.00000000,1691097839999,0.00000000,0,0.00000000,0.00000000,0
,,,,,,,,,,,
1691097840000,0.66500000,0.66500000,0.66500000,0.66500000,96.58000000,1691097899999,64.22570000,1,0.00000000,0.00000000,0
,,,,,,,,,,,
1691097900000,0.66500000,0.66500000,0.66500000,0.66500000,0.00000000,1691097959999,0.00000000,0,0.00000000,0.00000000,0
,,,,,,,,,,,
1691097960000,0.66500000,0.66500000,0.66500000,0.66500000,0.00000000,1691098019999,0.00000000,0,0.00000000,0.00000000,0
,,,,,,,,,,,
1691098020000,0.66500000,0.66500000,0.66500000,0.66500000,0.00000000,1691098079999,0.00000000,0,0.00000000,0.00000000,0
,,,,,,,,,,,
1691098080000,0.66500000,0.66500000,0.66500000,0.66500000,0.00000000,1691098139999,0.00000000,0,0.00000000,0.00000000,0
,,,,,,,,,,,
1691098140000,0.66500000,0.66500000,0.66500000,0.66500000,0.00000000,1691098199999,0.00000000,0,0.00000000,0.00000000,0
,,,,,,,,,,,
1691098200000,0.66500000,0.66500000,0.66500000,0.66500000,0.00000000,1691098259999,0.00000000,0,0.00000000,0.00000000,0
,,,,,,,,,,,
1691098260000,0.66500000,0.66500000,0.66500000,0.66500000,0.00000000,1691098319999,0.00000000,0,0.00000000,0.00000000,0
,,,,,,,,,,,
1691098320000,0.66500000,0.66500000,0.66500000,0.66500000,0.00000000,1691098379999,0.00000000,0,0.00000000,0.00000000,0
,,,,,,,,,,,
1691098380000,0.66500000,0.66500000,0.66500000,0.66500000,0.00000000,1691098439999,0.00000000,0,0.00000000,0.00000000,0
,,,,,,,,,,,
1691098440000,0.66500000,0.66500000,0.66500000,0.66500000,0.00000000,1691098499999,0.00000000,0,0.00000000,0.00000000,0
,,,,,,,,,,,
1691098500000,0.66500000,0.66500000,0.66500000,0.66500000,0.00000000,1691098559999,0.00000000,0,0.00000000,0.00000000,0
,,,,,,,,,,,
1691098560000,0.66500000,0.66500000,0.66500000,0.66500000,0.00000000,1691098619999,0.00000000,0,0.00000000,0.00000000,0
,,,,,,,,,,,
1691098620000,0.66500000,0.66500000,0.66500000,0.66500000,0.00000000,1691098679999,0.00000000,0,0.00000000,0.00000000,0
,,,,,,,,,,,
1691098680000,0.66500000,0.66500000,0.66500000,0.66500000,0.00000000,1691098739999,0.00000000,0,0.00000000,0.00000000,0
,,,,,,,,,,,
1691098740000,0.66500000,0.66500000,0.66500000,0.66500000,0.00000000,1691098799999,0.00000000,0,0.00000000,0.00000000,0
,,,,,,,,,,,
1691098800000,0.66500000,0.66500000,0.66500000,0.66500000,0.00000000,1691098859999,0.00000000,0,0.00000000,0.00000000,0
,,,,,,,,,,,
1691098860000,0.66500000,0.66500000,0.66500000,0.66500000,0.00000000,1691098919999,0.00000000,0,0.00000000,0.00000000,0
,,,,,,,,,,,
1691098920000,0.66500000,0.66500000,0.66500000,0.66500000,0.00000000,1691098979999,0.00000000,0,0.00000000,0.00000000,0
,,,,,,,,,,,
1691098980000,0.66500000,0.66500000,0.66500000,0.66500000,0.00000000,1691099039999,0.00000000,0,0.00000000,0.00000000,0
,,,,,,,,,,,
1691099040000,0.66500000,0.66500000,0.66500000,0.66500000,0.00000000,1691099099999,0.00000000,0,0.00000000,0.00000000,0
,,,,,,,,,,,
1691099100000,0.66500000,0.66500000,0.66500000,0.66500000,0.00000000,1691099159999,0.00000000,0,0.00000000,0.00000000,0
,,,,,,,,,,,
1691099160000,0.66500000,0.66500000,0.66500000,0.66500000,0.00000000,1691099219999,0.00000000,0,0.00000000,0.00000000,0
,,,,,,,,,,,
1691099220000,0.66500000,0.66500000,0.66500000,0.66500000,0.00000000,1691099279999,0.00000000,0,0.00000000,0.00000000,0
,,,,,,,,,,,
1691099280000,0.66500000,0.66500000,0.66500000,0.66500000,0.00000000,1691099339999,0.00000000,0,0.00000000,0.00000000,0
,,,,,,,,,,,
1691099340000,0.66500000,0.66500000,0.66500000,0.66500000,0.00000000,1691099399999,0.00000000,0,0.00000000,0.00000000,0
,,,,,,,,,,,
1691099400000,0.66500000,0.66500000,0.66500000,0.66500000,0.00000000,1691099459999,0.00000000,0,0.00000000,0.00000000,0
,,,,,,,,,,,
1691099460000,0.66500000,0.66500000,0.66500000,0.66500000,0.00000000,1691099519999,0.00000000,0,0.00000000,0.00000000,0
,,,,,,,,,,,
1691099520000,0.66500000,0.66500000,0.66500000,0.66500000,0.00000000,1691099579999,0.00000000,0,0.00000000,0.00000000,0
,,,,,,,,,,,
1691099580000,0.66500000,0.66500000,0.66500000,0.66500000,0.00000000,1691099639999,0.00000000,0,0.00000000,0.00000000,0
,,,,,,,,,,,
1691099640000,0.66500000,0.66500000,0.66500000,0.66500000,0.00000000,1691099699999,0.00000000,0,0.00000000,0.00000000,0
,,,,,,,,,,,
1691099700000,0.66500000,0.66500000,0.66500000,0.66500000,0.00000000,1691099759999,0.00000000,0,0.00000000,0.00000000,0
,,,,,,,,,,,
1691099760000,0.66500000,0.66500000,0.66500000,0.66500000,0.00000000,1691099819999,0.00000000,0,0.00000000,0.00000000,0
,,,,,,,,,,,
1691099820000,0.66500000,0.66500000,0.66500000,0.66500000,0.00000000,1691099879999,0.00000000,0,0.00000000,0.00000000,0
,,,,,,,,,,,
1691099880000,0.66500000,0.66500000,0.66500000,0.66500000,0.00000000,1691099939999,0.00000000,0,0.00000000,0.00000000,0
,,,,,,,,,,,
1691099940000,0.66500000,0.66500000,0.66500000,0.66500000,0.00000000,1691099999999,0.00000000,0,0.00000000,0.00000000,0
,,,,,,,,,,,
1691100000000,0.66500000,0.66500000,0.66500000,0.66500000,0.00000000,1691100059999,0.00000000,0,0.00000000,0.00000000,0
,,,,,,,,,,,
1691100060000,0.66500000,0.66500000,0.66500000,0.66500000,0.00000000,1691100119999,0.00000000,0,0.00000000,0.00000000,0
,,,,,,,,,,,
1691100120000,0.66500000,0.66500000,0.66500000,0.66500000,0.00000000,1691100179999,0.00000000,0,0.00000000,0.00000000,0
,,,,,,,,,,,
1691100180000,0.66500000,0.66500000,0.66500000,0.66500000,0.00000000,1691100239999,0.00000000,0,0.00000000,0.00000000,0
,,,,,,,,,,,
1691100240000,0.66500000,0.66500000,0.66500000,0.66500000,0.00000000,1691100299999,0.00000000,0,0.00000000,0.00000000,0
,,,,,,,,,,,
1691100300000,0.66500000,0.66500000,0.66500000,0.66500000,0.00000000,1691100359999,0.00000000,0,0.00000000,0.00000000,0
,,,,,,,,,,,
1691100360000,0.66500000,0.66500000,0.66500000,0.66500000,43.15000000,1691100419999,28.69475000,1,0.00000000,0.00000000,0
,,,,,,,,,,,
1691100420000,0.66500000,0.66500000,0.66500000,0.66500000,0.00000000,1691100479999,0.00000000,0,0.00000000,0.00000000,0
,,,,,,,,,,,
1691100480000,0.66100000,0.66100000,0.66100000,0.66100000,346.75000000,1691100539999,229.20175000,5,0.00000000,0.00000000,0
,,,,,,,,,,,
1691100540000,0.66100000,0.66100000,0.66100000,0.66100000,0.00000000,1691100599999,0.00000000,0,0.00000000,0.00000000,0
,,,,,,,,,,,
1691100600000,0.66100000,0.66100000,0.66100000,0.66100000,0.00000000,1691100659999,0.00000000,0,0.00000000,0.00000000,0
,,,,,,,,,,,
1691100660000,0.66100000,0.66100000,0.66100000,0.66100000,0.00000000,1691100719999,0.00000000,0,0.00000000,0.00000000,0
,,,,,,,,,,,
1691100720000,0.66100000,0.66100000,0.66100000,0.66100000,0.00000000,1691100779999,0.00000000,0,0.00000000,0.00000000,0
,,,,,,,,,,,
1691100780000,0.66100000,0.66100000,0.66100000,0.66100000,0.00000000,1691100839999,0.00000000,0,0.00000000,0.00000000,0
,,,,,,,,,,,
1691100840000,0.66100000,0.66100000,0.66100000,0.66100000,0.00000000,1691100899999,0.00000000,0,0.00000000,0.00000000,0
,,,,,,,,,,,
1691100900000,0.66100000,0.66100000,0.66100000,0.66100000,0.00000000,1691100959999,0.00000000,0,0.00000000,0.00000000,0
,,,,,,,,,,,
1691100960000,0.66100000,0.66100000,0.66100000,0.66100000,0.00000000,1691101019999,0.00000000,0,0.00000000,0.00000000,0
,,,,,,,,,,,
1691101020000,0.66100000,0.66100000,0.66100000,0.66100000,0.00000000,1691101079999,0.00000000,0,0.00000000,0.00000000,0
,,,,,,,,,,,
1691101080000,0.66100000,0.66100000,0.66100000,0.66100000,0.00000000,1691101139999,0.00000000,0,0.00000000,0.00000000,0
,,,,,,,,,,,
1691101140000,0.66100000,0.66100000,0.66100000,0.66100000,0.00000000,1691101199999,0.00000000,0,0.00000000,0.00000000,0
,,,,,,,,,,,
1691101200000,0.66100000,0.66100000,0.66100000,0.66100000,0.00000000,1691101259999,0.00000000,0,0.00000000,0.00000000,0
,,,,,,,,,,,
1691101260000,0.66100000,0.66100000,0.66100000,0.66100000,0.00000000,1691101319999,0.00000000,0,0.00000000,0.00000000,0
,,,,,,,,,,,
1691101320000,0.66100000,0.66100000,0.66100000,0.66100000,0.00000000,1691101379999,0.00000000,0,0.00000000,0.00000000,0
,,,,,,,,,,,
1691101380000,0.66100000,0.66100000,0.66100000,0.66100000,0.00000000,1691101439999,0.00000000,0,0.00000000,0.00000000,0
,,,,,,,,,,,
1691101440000,0.66100000,0.66100000,0.66100000,0.66100000,0.00000000,1691101499999,0.00000000,0,0.00000000,0.00000000,0
,,,,,,,,,,,
1691101500000,0.66100000,0.66100000,0.66100000,0.66100000,0.00000000,1691101559999,0.00000000,0,0.00000000,0.00000000,0
,,,,,,,,,,,
1691101560000,0.66100000,0.66100000,0.66100000,0.66100000,0.00000000,1691101619999,0.00000000,0,0.00000000,0.00000000,0
,,,,,,,,,,,
1691101620000,0.66100000,0.66100000,0.66100000,0.66100000,0.00000000,1691101679999,0.00000000,0,0.00000000,0.00000000,0
,,,,,,,,,,,
1691101680000,0.66100000,0.66100000,0.66100000,0.66100000,0.00000000,1691101739999,0.00000000,0,0.00000000,0.00000000,0
,,,,,,,,,,,
1691101740000,0.66100000,0.66100000,0.66100000,0.66100000,0.00000000,1691101799999,0.00000000,0,0.00000000,0.00000000,0
,,,,,,,,,,,
1691101800000,0.66100000,0.66100000,0.66100000,0.66100000,0.00000000,1691101859999,0.00000000,0,0.00000000,0.00000000,0
,,,,,,,,,,,
1691101860000,0.66100000,0.66100000,0.66100000,0.66100000,0.00000000,1691101919999,0.00000000,0,0.00000000,0.00000000,0
,,,,,,,,,,,
1691101920000,0.66100000,0.66100000,0.66100000,0.66100000,0.00000000,1691101979999,0.00000000,0,0.00000000,0.00000000,0
,,,,,,,,,,,
1691101980000,0.66100000,0.66100000,0.66100000,0.66100000,0.00000000,1691102039999,0.00000000,0,0.00000000,0.00000000,0
,,,,,,,,,,,
1691102040000,0.66100000,0.66100000,0.66100000,0.66100000,0.00000000,1691102099999,0.00000000,0,0.00000000,0.00000000,0
,,,,,,,,,,,
1691102100000,0.66100000,0.66100000,0.66100000,0.66100000,0.00000000,1691102159999,0.00000000,0,0.00000000,0.00000000,0
,,,,,,,,,,,
1691102160000,0.66100000,0.66100000,0.66100000,0.66100000,0.00000000,1691102219999,0.00000000,0,0.00000000,0.00000000,0
,,,,,,,,,,,
1691102220000,0.66100000,0.66100000,0.66100000,0.66100000,0.00000000,1691102279999,0.00000000,0,0.00000000,0.00000000,0
,,,,,,,,,,,
1691102280000,0.66100000,0.66100000,0.66100000,0.66100000,0.00000000,1691102339999,0.00000000,0,0.00000000,0.00000000,0
,,,,,,,,,,,
1691102340000,0.66100000,0.66100000,0.66100000,0.66100000,0.00000000,1691102399999,0.00000000,0,0.00000000,0.00000000,0
,,,,,,,,,,,
1691102400000,0.66100000,0.66100000,0.66100000,0.66100000,0.00000000,1691102459999,0.00000000,0,0.00000000,0.00000000,0
,,,,,,,,,,,
1691102460000,0.66100000,0.66100000,0.66100000,0.66100000,0.00000000,1691102519999,0.00000000,0,0.00000000,0.00000000,0
,,,,,,,,,,,
1691102520000,0.66100000,0.66100000,0.66100000,0.66100000,0.00000000,1691102579999,0.00000000,0,0.00000000,0.00000000,0
,,,,,,,,,,,
1691102580000,0.66100000,0.66100000,0.66100000,0.66100000,0.00000000,1691102639999,0.00000000,0,0.00000000,0.00000000,0
,,,,,,,,,,,
1691102640000,0.66100000,0.66100000,0.66100000,0.66100000,0.00000000,1691102699999,0.00000000,0,0.00000000,0.00000000,0
,,,,,,,,,,,
1691102700000,0.66100000,0.66100000,0.66100000,0.66100000,0.00000000,1691102759999,0.00000000,0,0.00000000,0.00000000,0
,,,,,,,,,,,
1691102760000,0.66100000,0.66100000,0.66100000,0.66100000,0.00000000,1691102819999,0.00000000,0,0.00000000,0.00000000,0
,,,,,,,,,,,
1691102820000,0.66100000,0.66100000,0.66100000,0.66100000,0.00000000,1691102879999,0.00000000,0,0.00000000,0.00000000,0
,,,,,,,,,,,
1691102880000,0.66100000,0.66100000,0.66100000,0.66100000,0.00000000,1691102939999,0.00000000,0,0.00000000,0.00000000,0
,,,,,,,,,,,
1691102940000,0.66100000,0.66100000,0.66100000,0.66100000,0.00000000,1691102999999,0.00000000,0,0.00000000,0.00000000,0
,,,,,,,,,,,
1691103000000,0.66100000,0.66100000,0.66100000,0.66100000,0.00000000,1691103059999,0.00000000,0,0.00000000,0.00000000,0
,,,,,,,,,,,
1691103060000,0.66100000,0.66100000,0.66100000,0.66100000,0.00000000,1691103119999,0.00000000,0,0.00000000,0.00000000,0
,,,,,,,,,,,
1691103120000,0.66100000,0.66100000,0.66100000,0.66100000,0.00000000,1691103179999,0.00000000,0,0.00000000,0.00000000,0
,,,,,,,,,,,
1691103180000,0.66100000,0.66100000,0.66100000,0.66100000,0.00000000,1691103239999,0.00000000,0,0.00000000,0.00000000,0
,,,,,,,,,,,
1691103240000,0.66100000,0.66100000,0.66100000,0.66100000,0.00000000,1691103299999,0.00000000,0,0.00000000,0.00000000,0
,,,,,,,,,,,
1691103300000,0.66100000,0.66100000,0.66100000,0.66100000,0.00000000,1691103359999,0.00000000,0,0.00000000,0.00000000,0
,,,,,,,,,,,
1691103360000,0.66100000,0.66100000,0.66100000,0.66100000,0.00000000,1691103419999,0.00000000,0,0.00000000,0.00000000,0
,,,,,,,,,,,
1691103420000,0.66100000,0.66100000,0.66100000,0.66100000,0.00000000,1691103479999,0.00000000,0,0.00000000,0.00000000,0
,,,,,,,,,,,
1691103480000,0.66100000,0.66100000,0.66100000,0.66100000,0.00000000,1691103539999,0.00000000,0,0.00000000,0.00000000,0
,,,,,,,,,,,
1691103540000,0.66100000,0.66100000,0.66100000,0.66100000,0.00000000,1691103599999,0.00000000,0,0.00000000,0.00000000,0
,,,,,,,,,,,
1691103600000,0.66100000,0.66100000,0.66100000,0.66100000,0.00000000,1691103659999,0.00000000,0,0.00000000,0.00000000,0
,,,,,,,,,,,
1691103660000,0.66100000,0.66100000,0.66100000,0.66100000,0.00000000,1691103719999,0.00000000,0,0.00000000,0.00000000,0
,,,,,,,,,,,
1691103720000,0.66100000,0.66100000,0.66100000,0.66100000,0.00000000,1691103779999,0.00000000,0,0.00000000,0.00000000,0
,,,,,,,,,,,
1691103780000,0.66100000,0.66100000,0.66100000,0.66100000,0.00000000,1691103839999,0.00000000,0,0.00000000,0.00000000,0
,,,,,,,,,,,
1691103840000,0.66100000,0.66100000,0.66100000,0.66100000,0.00000000,1691103899999,0.00000000,0,0.00000000,0.00000000,0
,,,,,,,,,,,
1691103900000,0.66100000,0.66100000,0.66100000,0.66100000,0.00000000,1691103959999,0.00000000,0,0.00000000,0.00000000,0
,,,,,,,,,,,
1691103960000,0.66100000,0.66100000,0.66100000,0.66100000,0.00000000,1691104019999,0.00000000,0,0.00000000,0.00000000,0
,,,,,,,,,,,
1691104020000,0.66100000,0.66100000,0.66100000,0.66100000,0.00000000,1691104079999,0.00000000,0,0.00000000,0.00000000,0
,,,,,,,,,,,
1691104080000,0.66100000,0.66100000,0.66100000,0.66100000,0.00000000,1691104139999,0.00000000,0,0.00000000,0.00000000,0
,,,,,,,,,,,
1691104140000,0.66100000,0.66100000,0.66100000,0.66100000,0.00000000,1691104199999,0.00000000,0,0.00000000,0.00000000,0
,,,,,,,,,,,
1691104200000,0.66100000,0.66100000,0.66100000,0.66100000,0.00000000,1691104259999,0.00000000,0,0.00000000,0.00000000,0
,,,,,,,,,,,
1691104260000,0.66100000,0.66100000,0.66100000,0.66100000,0.00000000,1691104319999,0.00000000,0,0.00000000,0.00000000,0
,,,,,,,,,,,
1691104320000,0.66100000,0.66100000,0.66100000,0.66100000,0.00000000,1691104379999,0.00000000,0,0.00000000,0.00000000,0
,,,,,,,,,,,
1691104380000,0.66100000,0.66100000,0.66100000,0.66100000,0.00000000,1691104439999,0.00000000,0,0.00000000,0.00000000,0
,,,,,,,,,,,
1691104440000,0.66100000,0.66100000,0.66100000,0.66100000,0.00000000,1691104499999,0.00000000,0,0.00000000,0.00000000,0
,,,,,,,,,,,
1691104500000,0.66100000,0.66100000,0.66100000,0.66100000,0.00000000,1691104559999,0.00000000,0,0.00000000,0.00000000,0
,,,,,,,,,,,
1691104560000,0.66100000,0.66100000,0.66100000,0.66100000,0.00000000,1691104619999,0.00000000,0,0.00000000,0.00000000,0
,,,,,,,,,,,
1691104620000,0.66100000,0.66100000,0.66100000,0.66100000,0.00000000,1691104679999,0.00000000,0,0.00000000,0.00000000,0
,,,,,,,,,,,
1691104680000,0.66100000,0.66100000,0.66100000,0.66100000,0.00000000,1691104739999,0.00000000,0,0.00000000,0.00000000,0
,,,,,,,,,,,
1691104740000,0.66100000,0.66100000,0.66100000,0.66100000,0.00000000,1691104799999,0.00000000,0,0.00000000,0.00000000,0
,,,,,,,,,,,
1691104800000,0.66100000,0.66100000,0.66100000,0.66100000,0.00000000,1691104859999,0.00000000,0,0.00000000,0.00000000,0
,,,,,,,,,,,
1691104860000,0.66100000,0.66100000,0.66100000,0.66100000,0.00000000,1691104919999,0.00000000,0,0.00000000,0.00000000,0
,,,,,,,,,,,
1691104920000,0.66100000,0.66100000,0.66100000,0.66100000,0.00000000,1691104979999,0.00000000,0,0.00000000,0.00000000,0
,,,,,,,,,,,
1691104980000,0.66100000,0.66100000,0.66100000,0.66100000,0.00000000,1691105039999,0.00000000,0,0.00000000,0.00000000,0
,,,,,,,,,,,
1691105040000,0.66100000,0.66100000,0.66100000,0.66100000,0.00000000,1691105099999,0.00000000,0,0.00000000,0.00000000,0
,,,,,,,,,,,
1691105100000,0.66100000,0.66100000,0.66100000,0.66100000,0.00000000,1691105159999,0.00000000,0,0.00000000,0.00000000,0
,,,,,,,,,,,
1691105160000,0.66100000,0.66100000,0.66100000,0.66100000,0.00000000,1691105219999,0.00000000,0,0.00000000,0.00000000,0
,,,,,,,,,,,
1691105220000,0.66100000,0.66100000,0.66100000,0.66100000,0.00000000,1691105279999,0.00000000,0,0.00000000,0.00000000,0
,,,,,,,,,,,
1691105280000,0.66100000,0.66100000,0.66100000,0.66100000,0.00000000,1691105339999,0.00000000,0,0.00000000,0.00000000,0
,,,,,,,,,,,
1691105340000,0.66100000,0.66100000,0.66100000,0.66100000,0.00000000,1691105399999,0.00000000,0,0.00000000,0.00000000,0
,,,,,,,,,,,
1691105400000,0.66100000,0.66100000,0.66100000,0.66100000,0.00000000,1691105459999,0.00000000,0,0.00000000,0.00000000,0
,,,,,,,,,,,
1691105460000,0.66100000,0.66100000,0.66100000,0.66100000,0.00000000,1691105519999,0.00000000,0,0.00000000,0.00000000,0
,,,,,,,,,,,
1691105520000,0.66100000,0.66100000,0.66100000,0.66100000,0.00000000,1691105579999,0.00000000,0,0.00000000,0.00000000,0
,,,,,,,,,,,
1691105580000,0.66100000,0.66100000,0.66100000,0.66100000,0.00000000,1691105639999,0.00000000,0,0.00000000,0.00000000,0
,,,,,,,,,,,
1691105640000,0.66100000,0.66100000,0.66100000,0.66100000,0.00000000,1691105699999,0.00000000,0,0.00000000,0.00000000,0
,,,,,,,,,,,
1691105700000,0.66100000,0.66100000,0.66100000,0.66100000,0.00000000,1691105759999,0.00000000,0,0.00000000,0.00000000,0
,,,,,,,,,,,
1691105760000,0.66100000,0.66100000,0.66100000,0.66100000,0.00000000,1691105819999,0.00000000,0,0.00000000,0.00000000,0
,,,,,,,,,,,
1691105820000,0.66100000,0.66100000,0.66100000,0.66100000,0.00000000,1691105879999,0.00000000,0,0.00000000,0.00000000,0
,,,,,,,,,,,
1691105880000,0.66100000,0.66100000,0.66100000,0.66100000,0.00000000,1691105939999,0.00000000,0,0.00000000,0.00000000,0
,,,,,,,,,,,
1691105940000,0.66100000,0.66100000,0.66100000,0.66100000,0.00000000,1691105999999,0.00000000,0,0.00000000,0.00000000,0
,,,,,,,,,,,
1691106000000,0.66100000,0.66100000,0.66100000,0.66100000,0.00000000,1691106059999,0.00000000,0,0.00000000,0.00000000,0
,,,,,,,,,,,
1691106060000,0.66100000,0.66100000,0.66100000,0.66100000,0.00000000,1691106119999,0.00000000,0,0.00000000,0.00000000,0
,,,,,,,,,,,
1691106120000,0.66100000,0.66100000,0.66100000,0.66100000,0.00000000,1691106179999,0.00000000,0,0.00000000,0.00000000,0
,,,,,,,,,,,
1691106180000,0.66100000,0.66100000,0.66100000,0.66100000,0.00000000,1691106239999,0.00000000,0,0.00000000,0.00000000,0
,,,,,,,,,,,
1691106240000,0.66100000,0.66100000,0.66100000,0.66100000,0.00000000,1691106299999,0.00000000,0,0.00000000,0.00000000,0
,,,,,,,,,,,
1691106300000,0.66100000,0.66100000,0.66100000,0.66100000,0.00000000,1691106359999,0.00000000,0,0.00000000,0.00000000,0
,,,,,,,,,,,
1691106360000,0.66100000,0.66100000,0.66100000,0.66100000,0.00000000,1691106419999,0.00000000,0,0.00000000,0.00000000,0
,,,,,,,,,,,
1691106420000,0.66100000,0.66100000,0.66100000,0.66100000,0.00000000,1691106479999,0.00000000,0,0.00000000,0.00000000,0
,,,,,,,,,,,
1691106480000,0.66100000,0.66100000,0.66100000,0.66100000,0.00000000,1691106539999,0.00000000,0,0.00000000,0.00000000,0
,,,,,,,,,,,
1691106540000,0.66100000,0.66100000,0.66100000,0.66100000,0.00000000,1691106599999,0.00000000,0,0.00000000,0.00000000,0
,,,,,,,,,,,
1691106600000,0.66100000,0.66100000,0.66100000,0.66100000,0.00000000,1691106659999,0.00000000,0,0.00000000,0.00000000,0
,,,,,,,,,,,
1691106660000,0.66100000,0.66100000,0.66100000,0.66100000,0.00000000,1691106719999,0.00000000,0,0.00000000,0.00000000,0
,,,,,,,,,,,
1691106720000,0.66100000,0.66100000,0.66100000,0.66100000,0.00000000,1691106779999,0.00000000,0,0.00000000,0.00000000,0
,,,,,,,,,,,
1691106780000,0.66500000,0.67100000,0.66500000,0.67100000,160.97000000,1691106839999,107.15461000,3,160.97000000,107.15461000,0
,,,,,,,,,,,
1691106840000,0.67100000,0.67100000,0.67100000,0.67100000,0.00000000,1691106899999,0.00000000,0,0.00000000,0.00000000,0
,,,,,,,,,,,
1691106900000,0.67100000,0.67100000,0.67100000,0.67100000,0.00000000,1691106959999,0.00000000,0,0.00000000,0.00000000,0
,,,,,,,,,,,
1691106960000,0.67100000,0.67100000,0.67100000,0.67100000,0.00000000,1691107019999,0.00000000,0,0.00000000,0.00000000,0
,,,,,,,,,,,
1691107020000,0.67100000,0.67100000,0.67100000,0.67100000,0.00000000,1691107079999,0.00000000,0,0.00000000,0.00000000,0
,,,,,,,,,,,
1691107080000,0.67100000,0.67100000,0.67100000,0.67100000,0.00000000,1691107139999,0.00000000,0,0.00000000,0.00000000,0
,,,,,,,,,,,
1691107140000,0.67100000,0.67100000,0.67100000,0.67100000,0.00000000,1691107199999,0.00000000,0,0.00000000,0.00000000,0
,,,,,,,,,,,
1691107200000,0.67100000,0.67100000,0.67100000,0.67100000,0.00000000,1691107259999,0.00000000,0,0.00000000,0.00000000,0
,,,,,,,,,,,
1691107260000,0.66400000,0.66400000,0.66400000,0.66400000,43.21000000,1691107319999,28.69144000,1,43.21000000,28.69144000,0
,,,,,,,,,,,
1691107320000,0.66400000,0.66400000,0.66400000,0.66400000,0.00000000,1691107379999,0.00000000,0,0.00000000,0.00000000,0
,,,,,,,,,,,
1691107380000,0.66400000,0.66400000,0.66400000,0.66400000,0.00000000,1691107439999,0.00000000,0,0.00000000,0.00000000,0
,,,,,,,,,,,
1691107440000,0.66400000,0.66400000,0.66400000,0.66400000,0.00000000,1691107499999,0.00000000,0,0.00000000,0.00000000,0
,,,,,,,,,,,
1691107500000,0.66400000,0.66400000,0.66400000,0.66400000,0.00000000,1691107559999,0.00000000,0,0.00000000,0.00000000,0
,,,,,,,,,,,
1691107560000,0.66400000,0.66400000,0.66400000,0.66400000,0.00000000,1691107619999,0.00000000,0,0.00000000,0.00000000,0
,,,,,,,,,,,
1691107620000,0.66400000,0.66400000,0.66400000,0.66400000,0.00000000,1691107679999,0.00000000,0,0.00000000,0.00000000,0
,,,,,,,,,,,
1691107680000,0.66400000,0.66400000,0.66400000,0.66400000,0.00000000,1691107739999,0.00000000,0,0.00000000,0.00000000,0
,,,,,,,,,,,
1691107740000,0.66400000,0.66400000,0.66400000,0.66400000,0.00000000,1691107799999,0.00000000,0,0.00000000,0.00000000,0
,,,,,,,,,,,
1691107800000,0.66400000,0.66400000,0.66400000,0.66400000,0.00000000,1691107859999,0.00000000,0,0.00000000,0.00000000,0
,,,,,,,,,,,
1691107860000,0.66400000,0.66400000,0.66400000,0.66400000,0.00000000,1691107919999,0.00000000,0,0.00000000,0.00000000,0
,,,,,,,,,,,
1691107920000,0.66400000,0.66400000,0.66400000,0.66400000,0.00000000,1691107979999,0.00000000,0,0.00000000,0.00000000,0
,,,,,,,,,,,
1691107980000,0.66400000,0.66400000,0.66400000,0.66400000,0.00000000,1691108039999,0.00000000,0,0.00000000,0.00000000,0
,,,,,,,,,,,
1691108040000,0.66400000,0.66400000,0.66400000,0.66400000,0.00000000,1691108099999,0.00000000,0,0.00000000,0.00000000,0
,,,,,,,,,,,
1691108100000,0.66400000,0.66400000,0.66400000,0.66400000,0.00000000,1691108159999,0.00000000,0,0.00000000,0.00000000,0
,,,,,,,,,,,
1691108160000,0.66400000,0.66400000,0.66400000,0.66400000,0.00000000,1691108219999,0.00000000,0,0.00000000,0.00000000,0
,,,,,,,,,,,
1691108220000,0.66400000,0.66400000,0.66400000,0.66400000,0.00000000,1691108279999,0.00000000,0,0.00000000,0.00000000,0
,,,,,,,,,,,
1691108280000,0.66400000,0.66400000,0.66400000,0.66400000,0.00000000,1691108339999,0.00000000,0,0.00000000,0.00000000,0
,,,,,,,,,,,
1691108340000,0.66400000,0.66400000,0.66400000,0.66400000,0.00000000,1691108399999,0.00000000,0,0.00000000,0.00000000,0
,,,,,,,,,,,
1691108400000,0.66400000,0.66400000,0.66400000,0.66400000,0.00000000,1691108459999,0.00000000,0,0.00000000,0.00000000,0
,,,,,,,,,,,
1691108460000,0.66400000,0.66400000,0.66400000,0.66400000,0.00000000,1691108519999,0.00000000,0,0.00000000,0.00000000,0
,,,,,,,,,,,
1691108520000,0.66400000,0.66400000,0.66400000,0.66400000,0.00000000,1691108579999,0.00000000,0,0.00000000,0.00000000,0
,,,,,,,,,,,
1691108580000,0.66400000,0.66400000,0.66400000,0.66400000,0.00000000,1691108639999,0.00000000,0,0.00000000,0.00000000,0
,,,,,,,,,,,
1691108640000,0.66400000,0.66400000,0.66400000,0.66400000,0.00000000,1691108699999,0.00000000,0,0.00000000,0.00000000,0
,,,,,,,,,,,
1691108700000,0.66400000,0.66400000,0.66400000,0.66400000,0.00000000,1691108759999,0.00000000,0,0.00000000,0.00000000,0
,,,,,,,,,,,
1691108760000,0.66400000,0.66400000,0.66400000,0.66400000,0.00000000,1691108819999,0.00000000,0,0.00000000,0.00000000,0
,,,,,,,,,,,
1691108820000,0.66400000,0.66400000,0.66400000,0.66400000,0.00000000,1691108879999,0.00000000,0,0.00000000,0.00000000,0
,,,,,,,,,,,
1691108880000,0.66400000,0.66400000,0.66400000,0.66400000,0.00000000,1691108939999,0.00000000,0,0.00000000,0.00000000,0
,,,,,,,,,,,
1691108940000,0.66200000,0.66200000,0.66200000,0.66200000,151.05000000,1691108999999,99.99510000,1,0.00000000,0.00000000,0
,,,,,,,,,,,
1691109000000,0.66200000,0.66200000,0.66200000,0.66200000,0.00000000,1691109059999,0.00000000,0,0.00000000,0.00000000,0
,,,,,,,,,,,
1691109060000,0.66200000,0.66200000,0.66200000,0.66200000,0.00000000,1691109119999,0.00000000,0,0.00000000,0.00000000,0
,,,,,,,,,,,
1691109120000,0.66200000,0.66200000,0.66200000,0.66200000,0.00000000,1691109179999,0.00000000,0,0.00000000,0.00000000,0
,,,,,,,,,,,
1691109180000,0.66200000,0.66200000,0.66200000,0.66200000,0.00000000,1691109239999,0.00000000,0,0.00000000,0.00000000,0
,,,,,,,,,,,
1691109240000,0.66200000,0.66200000,0.66200000,0.66200000,0.00000000,1691109299999,0.00000000,0,0.00000000,0.00000000,0
,,,,,,,,,,,
1691109300000,0.66200000,0.66200000,0.66200000,0.66200000,0.00000000,1691109359999,0.00000000,0,0.00000000,0.00000000,0
,,,,,,,,,,,
1691109360000,0.66200000,0.66200000,0.66200000,0.66200000,0.00000000,1691109419999,0.00000000,0,0.00000000,0.00000000,0
,,,,,,,,,,,
1691109420000,0.66200000,0.66200000,0.66200000,0.66200000,0.00000000,1691109479999,0.00000000,0,0.00000000,0.00000000,0
,,,,,,,,,,,
1691109480000,0.66200000,0.66200000,0.66200000,0.66200000,0.00000000,1691109539999,0.00000000,0,0.00000000,0.00000000,0
,,,,,,,,,,,
1691109540000,0.66200000,0.66200000,0.66200000,0.66200000,0.00000000,1691109599999,0.00000000,0,0.00000000,0.00000000,0
,,,,,,,,,,,
1691109600000,0.66200000,0.66200000,0.66200000,0.66200000,0.00000000,1691109659999,0.00000000,0,0.00000000,0.00000000,0
,,,,,,,,,,,
1691109660000,0.66200000,0.66200000,0.66200000,0.66200000,0.00000000,1691109719999,0.00000000,0,0.00000000,0.00000000,0
,,,,,,,,,,,
1691109720000,0.66200000,0.66200000,0.66200000,0.66200000,0.00000000,1691109779999,0.00000000,0,0.00000000,0.00000000,0
,,,,,,,,,,,
1691109780000,0.66300000,0.66300000,0.66300000,0.66300000,21.68000000,1691109839999,14.37384000,1,21.68000000,14.37384000,0
,,,,,,,,,,,
1691109840000,0.66200000,0.66200000,0.66200000,0.66200000,61.87000000,1691109899999,40.95794000,1,0.00000000,0.00000000,0
,,,,,,,,,,,
1691109900000,0.66200000,0.66200000,0.66200000,0.66200000,0.00000000,1691109959999,0.00000000,0,0.00000000,0.00000000,0
,,,,,,,,,,,
1691109960000,0.66200000,0.66200000,0.66200000,0.66200000,0.00000000,1691110019999,0.00000000,0,0.00000000,0.00000000,0
,,,,,,,,,,,
1691110020000,0.66200000,0.66200000,0.66200000,0.66200000,0.00000000,1691110079999,0.00000000,0,0.00000000,0.00000000,0
,,,,,,,,,,,
1691110080000,0.66200000,0.66200000,0.66200000,0.66200000,0.00000000,1691110139999,0.00000000,0,0.00000000,0.00000000,0
,,,,,,,,,,,
1691110140000,0.66200000,0.66200000,0.66200000,0.66200000,0.00000000,1691110199999,0.00000000,0,0.00000000,0.00000000,0
,,,,,,,,,,,
1691110200000,0.66200000,0.66200000,0.66200000,0.66200000,0.00000000,1691110259999,0.00000000,0,0.00000000,0.00000000,0
,,,,,,,,,,,
1691110260000,0.66200000,0.66200000,0.66200000,0.66200000,0.00000000,1691110319999,0.00000000,0,0.00000000,0.00000000,0
,,,,,,,,,,,
1691110320000,0.66200000,0.66200000,0.66200000,0.66200000,0.00000000,1691110379999,0.00000000,0,0.00000000,0.00000000,0
,,,,,,,,,,,
1691110380000,0.66200000,0.66200000,0.66200000,0.66200000,0.00000000,1691110439999,0.00000000,0,0.00000000,0.00000000,0
,,,,,,,,,,,
1691110440000,0.66200000,0.66200000,0.66200000,0.66200000,0.00000000,1691110499999,0.00000000,0,0.00000000,0.00000000,0
,,,,,,,,,,,
1691110500000,0.66200000,0.66200000,0.66200000,0.66200000,0.00000000,1691110559999,0.00000000,0,0.00000000,0.00000000,0
,,,,,,,,,,,
1691110560000,0.66200000,0.66200000,0.66200000,0.66200000,0.00000000,1691110619999,0.00000000,0,0.00000000,0.00000000,0
,,,,,,,,,,,
1691110620000,0.66200000,0.66200000,0.66200000,0.66200000,0.00000000,1691110679999,0.00000000,0,0.00000000,0.00000000,0
,,,,,,,,,,,
1691110680000,0.66200000,0.66200000,0.66200000,0.66200000,0.00000000,1691110739999,0.00000000,0,0.00000000,0.00000000,0
,,,,,,,,,,,
1691110740000,0.66400000,0.66400000,0.66400000,0.66400000,225.34000000,1691110799999,149.62576000,5,0.00000000,0.00000000,0
,,,,,,,,,,,
1691110800000,0.66400000,0.66400000,0.66400000,0.66400000,0.00000000,1691110859999,0.00000000,0,0.00000000,0.00000000,0
,,,,,,,,,,,
1691110860000,0.66400000,0.66400000,0.66400000,0.66400000,0.00000000,1691110919999,0.00000000,0,0.00000000,0.00000000,0
,,,,,,,,,,,
1691110920000,0.66400000,0.66400000,0.66400000,0.66400000,0.00000000,1691110979999,0.00000000,0,0.00000000,0.00000000,0
,,,,,,,,,,,
1691110980000,0.66400000,0.66400000,0.66400000,0.66400000,0.00000000,1691111039999,0.00000000,0,0.00000000,0.00000000,0
,,,,,,,,,,,
1691111040000,0.66400000,0.66400000,0.66400000,0.66400000,403.36000000,1691111099999,267.83104000,11,0.00000000,0.00000000,0
,,,,,,,,,,,
1691111100000,0.66400000,0.66400000,0.66400000,0.66400000,0.00000000,1691111159999,0.00000000,0,0.00000000,0.00000000,0
,,,,,,,,,,,
1691111160000,0.66400000,0.66400000,0.66400000,0.66400000,0.00000000,1691111219999,0.00000000,0,0.00000000,0.00000000,0
,,,,,,,,,,,
1691111220000,0.66400000,0.66400000,0.66400000,0.66400000,0.00000000,1691111279999,0.00000000,0,0.00000000,0.00000000,0
,,,,,,,,,,,
1691111280000,0.66400000,0.66400000,0.66400000,0.66400000,0.00000000,1691111339999,0.00000000,0,0.00000000,0.00000000,0
,,,,,,,,,,,
1691111340000,0.66400000,0.66400000,0.66400000,0.66400000,0.00000000,1691111399999,0.00000000,0,0.00000000,0.00000000,0
,,,,,,,,,,,
1691111400000,0.66400000,0.66400000,0.66400000,0.66400000,0.00000000,1691111459999,0.00000000,0,0.00000000,0.00000000,0
,,,,,,,,,,,
1691111460000,0.66400000,0.66400000,0.66400000,0.66400000,0.00000000,1691111519999,0.00000000,0,0.00000000,0.00000000,0
,,,,,,,,,,,
1691111520000,0.66400000,0.66400000,0.66400000,0.66400000,0.00000000,1691111579999,0.00000000,0,0.00000000,0.00000000,0
,,,,,,,,,,,
1691111580000,0.66400000,0.66400000,0.66400000,0.66400000,0.00000000,1691111639999,0.00000000,0,0.00000000,0.00000000,0
,,,,,,,,,,,
1691111640000,0.66400000,0.66400000,0.66400000,0.66400000,0.00000000,1691111699999,0.00000000,0,0.00000000,0.00000000,0
,,,,,,,,,,,
1691111700000,0.66400000,0.66400000,0.66400000,0.66400000,0.00000000,1691111759999,0.00000000,0,0.00000000,0.00000000,0
,,,,,,,,,,,
1691111760000,0.66400000,0.66400000,0.66400000,0.66400000,0.00000000,1691111819999,0.00000000,0,0.00000000,0.00000000,0
,,,,,,,,,,,
1691111820000,0.66400000,0.66400000,0.66400000,0.66400000,0.00000000,1691111879999,0.00000000,0,0.00000000,0.00000000,0
,,,,,,,,,,,
1691111880000,0.66400000,0.66400000,0.66400000,0.66400000,0.00000000,1691111939999,0.00000000,0,0.00000000,0.00000000,0
,,,,,,,,,,,
1691111940000,0.66400000,0.66400000,0.66400000,0.66400000,0.00000000,1691111999999,0.00000000,0,0.00000000,0.00000000,0
,,,,,,,,,,,
1691112000000,0.66400000,0.66400000,0.66400000,0.66400000,0.00000000,1691112059999,0.00000000,0,0.00000000,0.00000000,0
,,,,,,,,,,,
1691112060000,0.66400000,0.66400000,0.66400000,0.66400000,0.00000000,1691112119999,0.00000000,0,0.00000000,0.00000000,0
,,,,,,,,,,,
1691112120000,0.66400000,0.66400000,0.66400000,0.66400000,0.00000000,1691112179999,0.00000000,0,0.00000000,0.00000000,0
,,,,,,,,,,,
1691112180000,0.66400000,0.66400000,0.66400000,0.66400000,0.00000000,1691112239999,0.00000000,0,0.00000000,0.00000000,0
,,,,,,,,,,,
1691112240000,0.66400000,0.66400000,0.66400000,0.66400000,0.00000000,1691112299999,0.00000000,0,0.00000000,0.00000000,0
,,,,,,,,,,,
1691112300000,0.66400000,0.66400000,0.66400000,0.66400000,0.00000000,1691112359999,0.00000000,0,0.00000000,0.00000000,0
,,,,,,,,,,,
1691112360000,0.66400000,0.66400000,0.66400000,0.66400000,0.00000000,1691112419999,0.00000000,0,0.00000000,0.00000000,0
,,,,,,,,,,,
1691112420000,0.66400000,0.66400000,0.66400000,0.66400000,0.00000000,1691112479999,0.00000000,0,0.00000000,0.00000000,0
,,,,,,,,,,,
1691112480000,0.66400000,0.66400000,0.66400000,0.66400000,0.00000000,1691112539999,0.00000000,0,0.00000000,0.00000000,0
,,,,,,,,,,,
1691112540000,0.66400000,0.66400000,0.66400000,0.66400000,0.00000000,1691112599999,0.00000000,0,0.00000000,0.00000000,0
,,,,,,,,,,,
1691112600000,0.66400000,0.66400000,0.66400000,0.66400000,0.00000000,1691112659999,0.00000000,0,0.00000000,0.00000000,0
,,,,,,,,,,,
1691112660000,0.66400000,0.66400000,0.66400000,0.66400000,0.00000000,1691112719999,0.00000000,0,0.00000000,0.00000000,0
,,,,,,,,,,,
1691112720000,0.66400000,0.66400000,0.66400000,0.66400000,0.00000000,1691112779999,0.00000000,0,0.00000000,0.00000000,0
,,,,,,,,,,,
1691112780000,0.66400000,0.66400000,0.66400000,0.66400000,0.00000000,1691112839999,0.00000000,0,0.00000000,0.00000000,0
,,,,,,,,,,,
1691112840000,0.66400000,0.66400000,0.66400000,0.66400000,0.00000000,1691112899999,0.00000000,0,0.00000000,0.00000000,0
,,,,,,,,,,,
1691112900000,0.66400000,0.66400000,0.66400000,0.66400000,0.00000000,1691112959999,0.00000000,0,0.00000000,0.00000000,0
,,,,,,,,,,,
1691112960000,0.66400000,0.66400000,0.66400000,0.66400000,0.00000000,1691113019999,0.00000000,0,0.00000000,0.00000000,0
,,,,,,,,,,,
1691113020000,0.66400000,0.66400000,0.66400000,0.66400000,0.00000000,1691113079999,0.00000000,0,0.00000000,0.00000000,0
,,,,,,,,,,,
1691113080000,0.66400000,0.66400000,0.66400000,0.66400000,0.00000000,1691113139999,0.00000000,0,0.00000000,0.00000000,0
,,,,,,,,,,,
1691113140000,0.66400000,0.66400000,0.66400000,0.66400000,0.00000000,1691113199999,0.00000000,0,0.00000000,0.00000000,0
,,,,,,,,,,,
1691113200000,0.66400000,0.66400000,0.66400000,0.66400000,0.00000000,1691113259999,0.00000000,0,0.00000000,0.00000000,0
,,,,,,,,,,,
1691113260000,0.66400000,0.66400000,0.66400000,0.66400000,0.00000000,1691113319999,0.00000000,0,0.00000000,0.00000000,0
,,,,,,,,,,,
1691113320000,0.66400000,0.66400000,0.66400000,0.66400000,0.00000000,1691113379999,0.00000000,0,0.00000000,0.00000000,0
,,,,,,,,,,,
1691113380000,0.66400000,0.66400000,0.66400000,0.66400000,0.00000000,1691113439999,0.00000000,0,0.00000000,0.00000000,0
,,,,,,,,,,,
1691113440000,0.66400000,0.66400000,0.66400000,0.66400000,0.00000000,1691113499999,0.00000000,0,0.00000000,0.00000000,0
,,,,,,,,,,,
1691113500000,0.66400000,0.66400000,0.66400000,0.66400000,0.00000000,1691113559999,0.00000000,0,0.00000000,0.00000000,0
,,,,,,,,,,,
1691113560000,0.66400000,0.66400000,0.66400000,0.66400000,0.00000000,1691113619999,0.00000000,0,0.00000000,0.00000000,0
,,,,,,,,,,,
1691113620000,0.66400000,0.66400000,0.66400000,0.66400000,0.00000000,1691113679999,0.00000000,0,0.00000000,0.00000000,0
,,,,,,,,,,,
1691113680000,0.66400000,0.66400000,0.66400000,0.66400000,0.00000000,1691113739999,0.00000000,0,0.00000000,0.00000000,0
,,,,,,,,,,,
1691113740000,0.66400000,0.66400000,0.66400000,0.66400000,0.00000000,1691113799999,0.00000000,0,0.00000000,0.00000000,0
,,,,,,,,,,,
1691113800000,0.66400000,0.66400000,0.66400000,0.66400000,0.00000000,1691113859999,0.00000000,0,0.00000000,0.00000000,0
,,,,,,,,,,,
1691113860000,0.66400000,0.66400000,0.66400000,0.66400000,0.00000000,1691113919999,0.00000000,0,0.00000000,0.00000000,0
,,,,,,,,,,,
1691113920000,0.66400000,0.66400000,0.66400000,0.66400000,0.00000000,1691113979999,0.00000000,0,0.00000000,0.00000000,0
,,,,,,,,,,,
1691113980000,0.66400000,0.66400000,0.66400000,0.66400000,0.00000000,1691114039999,0.00000000,0,0.00000000,0.00000000,0
,,,,,,,,,,,
1691114040000,0.66400000,0.66400000,0.66400000,0.66400000,0.00000000,1691114099999,0.00000000,0,0.00000000,0.00000000,0
,,,,,,,,,,,
1691114100000,0.66400000,0.66400000,0.66400000,0.66400000,0.00000000,1691114159999,0.00000000,0,0.00000000,0.00000000,0
,,,,,,,,,,,
1691114160000,0.66400000,0.66400000,0.66400000,0.66400000,0.00000000,1691114219999,0.00000000,0,0.00000000,0.00000000,0
,,,,,,,,,,,
1691114220000,0.66400000,0.66400000,0.66400000,0.66400000,0.00000000,1691114279999,0.00000000,0,0.00000000,0.00000000,0
,,,,,,,,,,,
1691114280000,0.66400000,0.66400000,0.66400000,0.66400000,0.00000000,1691114339999,0.00000000,0,0.00000000,0.00000000,0
,,,,,,,,,,,
1691114340000,0.66400000,0.66400000,0.66400000,0.66400000,0.00000000,1691114399999,0.00000000,0,0.00000000,0.00000000,0
,,,,,,,,,,,
1691114400000,0.66400000,0.66400000,0.66400000,0.66400000,0.00000000,1691114459999,0.00000000,0,0.00000000,0.00000000,0
,,,,,,,,,,,
1691114460000,0.66400000,0.66400000,0.66400000,0.66400000,0.00000000,1691114519999,0.00000000,0,0.00000000,0.00000000,0
,,,,,,,,,,,
1691114520000,0.66400000,0.66400000,0.66400000,0.66400000,0.00000000,1691114579999,0.00000000,0,0.00000000,0.00000000,0
,,,,,,,,,,,
1691114580000,0.66400000,0.66400000,0.66400000,0.66400000,0.00000000,1691114639999,0.00000000,0,0.00000000,0.00000000,0
,,,,,,,,,,,
1691114640000,0.66400000,0.66400000,0.66400000,0.66400000,0.00000000,1691114699999,0.00000000,0,0.00000000,0.00000000,0
,,,,,,,,,,,
1691114700000,0.66400000,0.66400000,0.66400000,0.66400000,0.00000000,1691114759999,0.00000000,0,0.00000000,0.00000000,0
,,,,,,,,,,,
1691114760000,0.66400000,0.66400000,0.66400000,0.66400000,0.00000000,1691114819999,0.00000000,0,0.00000000,0.00000000,0
,,,,,,,,,,,
1691114820000,0.66400000,0.66400000,0.66400000,0.66400000,0.00000000,1691114879999,0.00000000,0,0.00000000,0.00000000,0
,,,,,,,,,,,
1691114880000,0.66400000,0.66400000,0.66400000,0.66400000,0.00000000,1691114939999,0.00000000,0,0.00000000,0.00000000,0
,,,,,,,,,,,
1691114940000,0.66400000,0.66400000,0.66400000,0.66400000,0.00000000,1691114999999,0.00000000,0,0.00000000,0.00000000,0
,,,,,,,,,,,
1691115000000,0.66400000,0.66400000,0.66400000,0.66400000,0.00000000,1691115059999,0.00000000,0,0.00000000,0.00000000,0
,,,,,,,,,,,
1691115060000,0.66400000,0.66400000,0.66400000,0.66400000,0.00000000,1691115119999,0.00000000,0,0.00000000,0.00000000,0
,,,,,,,,,,,
1691115120000,0.66400000,0.66400000,0.66400000,0.66400000,0.00000000,1691115179999,0.00000000,0,0.00000000,0.00000000,0
,,,,,,,,,,,
1691115180000,0.66400000,0.66400000,0.66400000,0.66400000,0.00000000,1691115239999,0.00000000,0,0.00000000,0.00000000,0
,,,,,,,,,,,
1691115240000,0.66400000,0.66400000,0.66400000,0.66400000,0.00000000,1691115299999,0.00000000,0,0.00000000,0.00000000,0
,,,,,,,,,,,
1691115300000,0.66400000,0.66400000,0.66400000,0.66400000,0.00000000,1691115359999,0.00000000,0,0.00000000,0.00000000,0
,,,,,,,,,,,
1691115360000,0.66400000,0.66400000,0.66400000,0.66400000,0.00000000,1691115419999,0.00000000,0,0.00000000,0.00000000,0
,,,,,,,,,,,
1691115420000,0.66400000,0.66400000,0.66400000,0.66400000,0.00000000,1691115479999,0.00000000,0,0.00000000,0.00000000,0
,,,,,,,,,,,
1691115480000,0.66300000,0.66300000,0.66300000,0.66300000,255.87000000,1691115539999,169.64181000,1,0.00000000,0.00000000,0
,,,,,,,,,,,
1691115540000,0.66300000,0.66300000,0.66300000,0.66300000,0.00000000,1691115599999,0.00000000,0,0.00000000,0.00000000,0
,,,,,,,,,,,
1691115600000,0.66300000,0.66300000,0.66300000,0.66300000,0.00000000,1691115659999,0.00000000,0,0.00000000,0.00000000,0
,,,,,,,,,,,
1691115660000,0.66300000,0.66300000,0.66300000,0.66300000,0.00000000,1691115719999,0.00000000,0,0.00000000,0.00000000,0
,,,,,,,,,,,
1691115720000,0.66300000,0.66300000,0.66300000,0.66300000,0.00000000,1691115779999,0.00000000,0,0.00000000,0.00000000,0
,,,,,,,,,,,
1691115780000,0.66300000,0.66300000,0.66300000,0.66300000,0.00000000,1691115839999,0.00000000,0,0.00000000,0.00000000,0
,,,,,,,,,,,
1691115840000,0.66300000,0.66300000,0.66300000,0.66300000,0.00000000,1691115899999,0.00000000,0,0.00000000,0.00000000,0
,,,,,,,,,,,
1691115900000,0.66300000,0.66300000,0.66300000,0.66300000,0.00000000,1691115959999,0.00000000,0,0.00000000,0.00000000,0
,,,,,,,,,,,
1691115960000,0.66300000,0.66300000,0.66300000,0.66300000,0.00000000,1691116019999,0.00000000,0,0.00000000,0.00000000,0
,,,,,,,,,,,
1691116020000,0.66300000,0.66300000,0.66300000,0.66300000,0.00000000,1691116079999,0.00000000,0,0.00000000,0.00000000,0
,,,,,,,,,,,
1691116080000,0.66300000,0.66300000,0.66300000,0.66300000,0.00000000,1691116139999,0.00000000,0,0.00000000,0.00000000,0
,,,,,,,,,,,
1691116140000,0.66300000,0.66300000,0.66300000,0.66300000,0.00000000,1691116199999,0.00000000,0,0.00000000,0.00000000,0
,,,,,,,,,,,
1691116200000,0.66300000,0.66300000,0.66300000,0.66300000,0.00000000,1691116259999,0.00000000,0,0.00000000,0.00000000,0
,,,,,,,,,,,
1691116260000,0.66300000,0.66300000,0.66300000,0.66300000,0.00000000,1691116319999,0.00000000,0,0.00000000,0.00000000,0
,,,,,,,,,,,
1691116320000,0.66300000,0.66300000,0.66300000,0.66300000,0.00000000,1691116379999,0.00000000,0,0.00000000,0.00000000,0
,,,,,,,,,,,
1691116380000,0.66300000,0.66300000,0.66300000,0.66300000,0.00000000,1691116439999,0.00000000,0,0.00000000,0.00000000,0
,,,,,,,,,,,
1691116440000,0.66300000,0.66300000,0.66300000,0.66300000,0.00000000,1691116499999,0.00000000,0,0.00000000,0.00000000,0
,,,,,,,,,,,
1691116500000,0.66300000,0.66300000,0.66300000,0.66300000,0.00000000,1691116559999,0.00000000,0,0.00000000,0.00000000,0
,,,,,,,,,,,
1691116560000,0.66300000,0.66300000,0.66300000,0.66300000,0.00000000,1691116619999,0.00000000,0,0.00000000,0.00000000,0
,,,,,,,,,,,
1691116620000,0.66300000,0.66300000,0.66300000,0.66300000,0.00000000,1691116679999,0.00000000,0,0.00000000,0.00000000,0
,,,,,,,,,,,
1691116680000,0.66300000,0.66300000,0.66300000,0.66300000,0.00000000,1691116739999,0.00000000,0,0.00000000,0.00000000,0
,,,,,,,,,,,
1691116740000,0.66300000,0.66300000,0.66300000,0.66300000,0.00000000,1691116799999,0.00000000,0,0.00000000,0.00000000,0
,,,,,,,,,,,
1691116800000,0.66300000,0.66300000,0.66300000,0.66300000,0.00000000,1691116859999,0.00000000,0,0.00000000,0.00000000,0
,,,,,,,,,,,
1691116860000,0.66300000,0.66300000,0.66300000,0.66300000,0.00000000,1691116919999,0.00000000,0,0.00000000,0.00000000,0
,,,,,,,,,,,
1691116920000,0.66300000,0.66300000,0.66300000,0.66300000,0.00000000,1691116979999,0.00000000,0,0.00000000,0.00000000,0
,,,,,,,,,,,
1691116980000,0.66300000,0.66300000,0.66300000,0.66300000,0.00000000,1691117039999,0.00000000,0,0.00000000,0.00000000,0
,,,,,,,,,,,
1691117040000,0.66300000,0.66300000,0.66300000,0.66300000,0.00000000,1691117099999,0.00000000,0,0.00000000,0.00000000,0
,,,,,,,,,,,
1691117100000,0.66300000,0.66300000,0.66300000,0.66300000,0.00000000,1691117159999,0.00000000,0,0.00000000,0.00000000,0
,,,,,,,,,,,
1691117160000,0.66300000,0.66300000,0.66300000,0.66300000,0.00000000,1691117219999,0.00000000,0,0.00000000,0.00000000,0
,,,,,,,,,,,
1691117220000,0.66300000,0.66300000,0.66300000,0.66300000,0.00000000,1691117279999,0.00000000,0,0.00000000,0.00000000,0
,,,,,,,,,,,
1691117280000,0.66300000,0.66300000,0.66300000,0.66300000,0.00000000,1691117339999,0.00000000,0,0.00000000,0.00000000,0
,,,,,,,,,,,
1691117340000,0.66300000,0.66300000,0.66300000,0.66300000,0.00000000,1691117399999,0.00000000,0,0.00000000,0.00000000,0
,,,,,,,,,,,
1691117400000,0.66300000,0.66300000,0.66300000,0.66300000,0.00000000,1691117459999,0.00000000,0,0.00000000,0.00000000,0
,,,,,,,,,,,
1691117460000,0.66300000,0.66300000,0.66300000,0.66300000,0.00000000,1691117519999,0.00000000,0,0.00000000,0.00000000,0
,,,,,,,,,,,
1691117520000,0.66300000,0.66300000,0.66300000,0.66300000,0.00000000,1691117579999,0.00000000,0,0.00000000,0.00000000,0
,,,,,,,,,,,
1691117580000,0.66300000,0.66300000,0.66300000,0.66300000,0.00000000,1691117639999,0.00000000,0,0.00000000,0.00000000,0
,,,,,,,,,,,
1691117640000,0.66300000,0.66300000,0.66300000,0.66300000,0.00000000,1691117699999,0.00000000,0,0.00000000,0.00000000,0
,,,,,,,,,,,
1691117700000,0.66300000,0.66300000,0.66300000,0.66300000,0.00000000,1691117759999,0.00000000,0,0.00000000,0.00000000,0
,,,,,,,,,,,
1691117760000,0.66300000,0.66300000,0.66300000,0.66300000,0.00000000,1691117819999,0.00000000,0,0.00000000,0.00000000,0
,,,,,,,,,,,
1691117820000,0.66300000,0.66300000,0.66300000,0.66300000,0.00000000,1691117879999,0.00000000,0,0.00000000,0.00000000,0
,,,,,,,,,,,
1691117880000,0.66300000,0.66300000,0.66300000,0.66300000,0.00000000,1691117939999,0.00000000,0,0.00000000,0.00000000,0
,,,,,,,,,,,
1691117940000,0.66300000,0.66300000,0.66300000,0.66300000,0.00000000,1691117999999,0.00000000,0,0.00000000,0.00000000,0
