Kline open time,Open price,High price,Low price,Close price,Volume,Kline Close time,Quote asset volume,Number of trades,Taker buy base asset volume,Taker buy quote asset volume,"Unused field, ignore"
1608262800000,0.00278200,0.00278200,0.00278200,0.00278200,51.00000000,1608262859999,0.14188200,1,0.00000000,0.00000000,0
1608262860000,0.00278200,0.00278200,0.00278200,0.00278200,0.00000000,1608262919999,0.00000000,0,0.00000000,0.00000000,0
1608262920000,0.00278200,0.00279100,0.00278000,0.00278000,307.00000000,1608262979999,0.85429500,3,37.00000000,0.10326700,0
1608262980000,0.00278000,0.00278000,0.00278000,0.00278000,0.00000000,1608263039999,0.00000000,0,0.00000000,0.00000000,0
1608263040000,0.00278000,0.00278000,0.00278000,0.00278000,0.00000000,1608263099999,0.00000000,0,0.00000000,0.00000000,0
1608263100000,0.00278000,0.00278000,0.00278000,0.00278000,0.00000000,1608263159999,0.00000000,0,0.00000000,0.00000000,0
1608263160000,0.00278000,0.00278000,0.00278000,0.00278000,0.00000000,1608263219999,0.00000000,0,0.00000000,0.00000000,0
1608263220000,0.00278000,0.00278000,0.00278000,0.00278000,0.00000000,1608263279999,0.00000000,0,0.00000000,0.00000000,0
1608263280000,0.00278000,0.00278000,0.00278000,0.00278000,0.00000000,1608263339999,0.00000000,0,0.00000000,0.00000000,0
1608263340000,0.00278000,0.00278000,0.00278000,0.00278000,0.00000000,1608263399999,0.00000000,0,0.00000000,0.00000000,0
1608263400000,0.00278000,0.00278000,0.00278000,0.00278000,0.00000000,1608263459999,0.00000000,0,0.00000000,0.00000000,0
1608263460000,0.00278000,0.00278000,0.00278000,0.00278000,0.00000000,1608263519999,0.00000000,0,0.00000000,0.00000000,0
1608263520000,0.00278000,0.00278000,0.00278000,0.00278000,0.00000000,1608263579999,0.00000000,0,0.00000000,0.00000000,0
1608263580000,0.00278000,0.00278000,0.00278000,0.00278000,0.00000000,1608263639999,0.00000000,0,0.00000000,0.00000000,0
1608263640000,0.00278000,0.00278000,0.00278000,0.00278000,0.00000000,1608263699999,0.00000000,0,0.00000000,0.00000000,0
1608263700000,0.00278000,0.00278000,0.00278000,0.00278000,0.00000000,1608263759999,0.00000000,0,0.00000000,0.00000000,0
1608263760000,0.00278000,0.00278000,0.00278000,0.00278000,0.00000000,1608263819999,0.00000000,0,0.00000000,0.00000000,0
1608263820000,0.00278000,0.00278000,0.00278000,0.00278000,0.00000000,1608263879999,0.00000000,0,0.00000000,0.00000000,0
1608263880000,0.00278000,0.00278000,0.00278000,0.00278000,0.00000000,1608263939999,0.00000000,0,0.00000000,0.00000000,0
1608263940000,0.00278000,0.00278000,0.00278000,0.00278000,0.00000000,1608263999999,0.00000000,0,0.00000000,0.00000000,0
1608264000000,0.00278000,0.00278000,0.00278000,0.00278000,0.00000000,1608264059999,0.00000000,0,0.00000000,0.00000000,0
1608264060000,0.00277800,0.00277800,0.00277800,0.00277800,43.00000000,1608264119999,0.11945400,1,0.00000000,0.00000000,0
1608264120000,0.00277800,0.00277800,0.00277800,0.00277800,0.00000000,1608264179999,0.00000000,0,0.00000000,0.00000000,0
1608264180000,0.00277800,0.00277800,0.00277800,0.00277800,0.00000000,1608264239999,0.00000000,0,0.00000000,0.00000000,0
1608264240000,0.00277800,0.00277800,0.00277800,0.00277800,0.00000000,1608264299999,0.00000000,0,0.00000000,0.00000000,0
1608264300000,0.00277800,0.00277800,0.00277800,0.00277800,0.00000000,1608264359999,0.00000000,0,0.00000000,0.00000000,0
1608264360000,0.00277800,0.00277800,0.00277800,0.00277800,0.00000000,1608264419999,0.00000000,0,0.00000000,0.00000000,0
1608264420000,0.00277800,0.00277800,0.00277800,0.00277800,0.00000000,1608264479999,0.00000000,0,0.00000000,0.00000000,0
1608264480000,0.00277800,0.00277800,0.00277800,0.00277800,0.00000000,1608264539999,0.00000000,0,0.00000000,0.00000000,0
1608264540000,0.00277800,0.00277800,0.00277800,0.00277800,0.00000000,1608264599999,0.00000000,0,0.00000000,0.00000000,0
1608264600000,0.00277800,0.00277800,0.00277800,0.00277800,0.00000000,1608264659999,0.00000000,0,0.00000000,0.00000000,0
1608264660000,0.00277800,0.00277800,0.00277800,0.00277800,234.00000000,1608264719999,0.65005200,4,0.00000000,0.00000000,0
1608264720000,0.00277500,0.00277500,0.00277400,0.00277400,365.00000000,1608264779999,1.01262300,3,0.00000000,0.00000000,0
1608264780000,0.00277400,0.00277400,0.00277400,0.00277400,0.00000000,1608264839999,0.00000000,0,0.00000000,0.00000000,0
1608264840000,0.00277400,0.00277400,0.00277400,0.00277400,0.00000000,1608264899999,0.00000000,0,0.00000000,0.00000000,0
1608264900000,0.00277400,0.00277400,0.00277400,0.00277400,0.00000000,1608264959999,0.00000000,0,0.00000000,0.00000000,0
1608264960000,0.00277100,0.00277100,0.00277100,0.00277100,52.00000000,1608265019999,0.14409200,1,0.00000000,0.00000000,0
1608265020000,0.00277100,0.00277100,0.00277100,0.00277100,0.00000000,1608265079999,0.00000000,0,0.00000000,0.00000000,0
1608265080000,0.00277100,0.00277100,0.00277100,0.00277100,0.00000000,1608265139999,0.00000000,0,0.00000000,0.00000000,0
1608265140000,0.00277100,0.00277100,0.00277100,0.00277100,0.00000000,1608265199999,0.00000000,0,0.00000000,0.00000000,0
1608265200000,0.00277100,0.00277100,0.00277100,0.00277100,0.00000000,1608265259999,0.00000000,0,0.00000000,0.00000000,0
1608265260000,0.00277100,0.00277100,0.00277100,0.00277100,0.00000000,1608265319999,0.00000000,0,0.00000000,0.00000000,0
1608265320000,0.00277100,0.00277100,0.00277100,0.00277100,0.00000000,1608265379999,0.00000000,0,0.00000000,0.00000000,0
1608265380000,0.00277100,0.00277100,0.00277100,0.00277100,0.00000000,1608265439999,0.00000000,0,0.00000000,0.00000000,0
1608265440000,0.00277100,0.00277100,0.00277100,0.00277100,0.00000000,1608265499999,0.00000000,0,0.00000000,0.00000000,0
1608265500000,0.00276700,0.00276700,0.00276700,0.00276700,52.00000000,1608265559999,0.14388400,1,0.00000000,0.00000000,0
1608265560000,0.00276700,0.00276700,0.00276700,0.00276700,0.00000000,1608265619999,0.00000000,0,0.00000000,0.00000000,0
1608265620000,0.00276700,0.00276700,0.00276700,0.00276700,0.00000000,1608265679999,0.00000000,0,0.00000000,0.00000000,0
1608265680000,0.00276300,0.00276300,0.00276200,0.00276200,153.00000000,1608265739999,0.42263800,3,0.00000000,0.00000000,0
1608265740000,0.00276200,0.00276200,0.00276200,0.00276200,0.00000000,1608265799999,0.00000000,0,0.00000000,0.00000000,0
1608265800000,0.00276200,0.00276200,0.00276200,0.00276200,0.00000000,1608265859999,0.00000000,0,0.00000000,0.00000000,0
1608265860000,0.00276200,0.00276200,0.00276200,0.00276200,0.00000000,1608265919999,0.00000000,0,0.00000000,0.00000000,0
1608265920000,0.00276200,0.00276200,0.00276200,0.00276200,0.00000000,1608265979999,0.00000000,0,0.00000000,0.00000000,0
1608265980000,0.00276200,0.00276200,0.00276200,0.00276200,0.00000000,1608266039999,0.00000000,0,0.00000000,0.00000000,0
1608266040000,0.00276200,0.00276200,0.00276200,0.00276200,0.00000000,1608266099999,0.00000000,0,0.00000000,0.00000000,0
1608266100000,0.00275900,0.00275900,0.00275900,0.00275900,52.00000000,1608266159999,0.14346800,1,0.00000000,0.00000000,0
1608266160000,0.00275900,0.00275900,0.00275900,0.00275900,0.00000000,1608266219999,0.00000000,0,0.00000000,0.00000000,0
1608266220000,0.00275900,0.00275900,0.00275900,0.00275900,0.00000000,1608266279999,0.00000000,0,0.00000000,0.00000000,0
1608266280000,0.00275900,0.00275900,0.00275900,0.00275900,0.00000000,1608266339999,0.00000000,0,0.00000000,0.00000000,0
1608266340000,0.00275900,0.00275900,0.00275900,0.00275900,0.00000000,1608266399999,0.00000000,0,0.00000000,0.00000000,0
1608266400000,0.00275900,0.00275900,0.00275900,0.00275900,0.00000000,1608266459999,0.00000000,0,0.00000000,0.00000000,0
1608266460000,0.00275900,0.00275900,0.00275900,0.00275900,0.00000000,1608266519999,0.00000000,0,0.00000000,0.00000000,0
1608266520000,0.00275900,0.00275900,0.00275900,0.00275900,0.00000000,1608266579999,0.00000000,0,0.00000000,0.00000000,0
1608266580000,0.00275900,0.00275900,0.00275900,0.00275900,0.00000000,1608266639999,0.00000000,0,0.00000000,0.00000000,0
1608266640000,0.00275900,0.00275900,0.00275900,0.00275900,0.00000000,1608266699999,0.00000000,0,0.00000000,0.00000000,0
1608266700000,0.00276800,0.00276800,0.00276800,0.00276800,52.00000000,1608266759999,0.14393600,1,52.00000000,0.14393600,0
1608266760000,0.00276800,0.00276800,0.00276800,0.00276800,0.00000000,1608266819999,0.00000000,0,0.00000000,0.00000000,0
1608266820000,0.00276800,0.00276800,0.00276800,0.00276800,0.00000000,1608266879999,0.00000000,0,0.00000000,0.00000000,0
1608266880000,0.00276800,0.00276800,0.00276800,0.00276800,0.00000000,1608266939999,0.00000000,0,0.00000000,0.00000000,0
1608266940000,0.00276800,0.00276800,0.00276800,0.00276800,0.00000000,1608266999999,0.00000000,0,0.00000000,0.00000000,0
1608267000000,0.00276800,0.00276800,0.00276800,0.00276800,0.00000000,1608267059999,0.00000000,0,0.00000000,0.00000000,0
1608267060000,0.00276800,0.00276800,0.00276800,0.00276800,0.00000000,1608267119999,0.00000000,0,0.00000000,0.00000000,0
1608267120000,0.00277200,0.00277200,0.00277200,0.00277200,91.00000000,1608267179999,0.25225200,2,52.00000000,0.14414400,0
1608267180000,0.00277200,0.00277200,0.00277200,0.00277200,0.00000000,1608267239999,0.00000000,0,0.00000000,0.00000000,0
1608267240000,0.00277200,0.00277200,0.00277200,0.00277200,0.00000000,1608267299999,0.00000000,0,0.00000000,0.00000000,0
1608267300000,0.00277200,0.00277200,0.00277200,0.00277200,0.00000000,1608267359999,0.00000000,0,0.00000000,0.00000000,0
1608267360000,0.00277200,0.00277200,0.00277200,0.00277200,0.00000000,1608267419999,0.00000000,0,0.00000000,0.00000000,0
1608267420000,0.00277200,0.00277200,0.00277200,0.00277200,0.00000000,1608267479999,0.00000000,0,0.00000000,0.00000000,0
1608267480000,0.00277200,0.00277200,0.00277200,0.00277200,0.00000000,1608267539999,0.00000000,0,0.00000000,0.00000000,0
1608267540000,0.00277200,0.00277200,0.00277200,0.00277200,0.00000000,1608267599999,0.00000000,0,0.00000000,0.00000000,0
1608267600000,0.00277200,0.00277200,0.00277200,0.00277200,0.00000000,1608267659999,0.00000000,0,0.00000000,0.00000000,0
1608267660000,0.00277200,0.00277200,0.00277200,0.00277200,0.00000000,1608267719999,0.00000000,0,0.00000000,0.00000000,0
1608267720000,0.00277200,0.00277200,0.00277200,0.00277200,0.00000000,1608267779999,0.00000000,0,0.00000000,0.00000000,0
1608267780000,0.00277200,0.00277200,0.00277200,0.00277200,0.00000000,1608267839999,0.00000000,0,0.00000000,0.00000000,0
1608267840000,0.00277200,0.00277200,0.00277200,0.00277200,0.00000000,1608267899999,0.00000000,0,0.00000000,0.00000000,0
1608267900000,0.00277200,0.00277200,0.00277200,0.00277200,0.00000000,1608267959999,0.00000000,0,0.00000000,0.00000000,0
1608267960000,0.00277200,0.00277200,0.00277200,0.00277200,0.00000000,1608268019999,0.00000000,0,0.00000000,0.00000000,0
1608268020000,0.00277200,0.00277200,0.00277200,0.00277200,0.00000000,1608268079999,0.00000000,0,0.00000000,0.00000000,0
1608268080000,0.00277200,0.00277200,0.00277200,0.00277200,0.00000000,1608268139999,0.00000000,0,0.00000000,0.00000000,0
1608268140000,0.00277200,0.00277200,0.00277200,0.00277200,0.00000000,1608268199999,0.00000000,0,0.00000000,0.00000000,0
1608268200000,0.00277200,0.00277200,0.00277200,0.00277200,0.00000000,1608268259999,0.00000000,0,0.00000000,0.00000000,0
1608268260000,0.00277200,0.00277200,0.00277200,0.00277200,0.00000000,1608268319999,0.00000000,0,0.00000000,0.00000000,0
1608268320000,0.00277200,0.00277200,0.00277200,0.00277200,0.00000000,1608268379999,0.00000000,0,0.00000000,0.00000000,0
1608268380000,0.00277200,0.00277200,0.00277200,0.00277200,0.00000000,1608268439999,0.00000000,0,0.00000000,0.00000000,0
1608268440000,0.00277200,0.00277200,0.00277200,0.00277200,0.00000000,1608268499999,0.00000000,0,0.00000000,0.00000000,0
1608268500000,0.00277200,0.00277200,0.00277200,0.00277200,0.00000000,1608268559999,0.00000000,0,0.00000000,0.00000000,0
1608268560000,0.00277200,0.00277200,0.00277200,0.00277200,0.00000000,1608268619999,0.00000000,0,0.00000000,0.00000000,0
1608268620000,0.00277200,0.00277200,0.00277200,0.00277200,215.00000000,1608268679999,0.59598000,1,0.00000000,0.00000000,0
1608268680000,0.00277200,0.00277200,0.00277200,0.00277200,0.00000000,1608268739999,0.00000000,0,0.00000000,0.00000000,0
1608268740000,0.00277200,0.00277200,0.00277200,0.00277200,0.00000000,1608268799999,0.00000000,0,0.00000000,0.00000000,0
1608268800000,0.00277200,0.00277200,0.00277200,0.00277200,0.00000000,1608268859999,0.00000000,0,0.00000000,0.00000000,0
1608268860000,0.00277200,0.00277200,0.00277200,0.00277200,0.00000000,1608268919999,0.00000000,0,0.00000000,0.00000000,0
1608268920000,0.00277200,0.00277200,0.00277200,0.00277200,0.00000000,1608268979999,0.00000000,0,0.00000000,0.00000000,0
1608268980000,0.00277200,0.00277200,0.00277200,0.00277200,0.00000000,1608269039999,0.00000000,0,0.00000000,0.00000000,0
1608269040000,0.00277200,0.00277200,0.00277200,0.00277200,0.00000000,1608269099999,0.00000000,0,0.00000000,0.00000000,0
1608269100000,0.00277200,0.00277200,0.00277200,0.00277200,0.00000000,1608269159999,0.00000000,0,0.00000000,0.00000000,0
1608269160000,0.00277200,0.00277200,0.00277200,0.00277200,0.00000000,1608269219999,0.00000000,0,0.00000000,0.00000000,0
1608269220000,0.00277200,0.00277200,0.00277200,0.00277200,0.00000000,1608269279999,0.00000000,0,0.00000000,0.00000000,0
1608269280000,0.00276300,0.00276300,0.00276300,0.00276300,52.00000000,1608269339999,0.14367600,1,0.00000000,0.00000000,0
1608269340000,0.00276300,0.00276300,0.00276300,0.00276300,0.00000000,1608269399999,0.00000000,0,0.00000000,0.00000000,0
1608269400000,0.00276300,0.00276300,0.00276300,0.00276300,0.00000000,1608269459999,0.00000000,0,0.00000000,0.00000000,0
1608269460000,0.00276300,0.00276300,0.00276300,0.00276300,0.00000000,1608269519999,0.00000000,0,0.00000000,0.00000000,0
1608269520000,0.00276000,0.00276000,0.00275600,0.00275600,753.00000000,1608269579999,2.07615200,6,0.00000000,0.00000000,0
1608269580000,0.00275600,0.00275600,0.00275600,0.00275600,0.00000000,1608269639999,0.00000000,0,0.00000000,0.00000000,0
1608269640000,0.00275600,0.00275600,0.00275600,0.00275600,0.00000000,1608269699999,0.00000000,0,0.00000000,0.00000000,0
1608269700000,0.00275600,0.00275600,0.00275600,0.00275600,0.00000000,1608269759999,0.00000000,0,0.00000000,0.00000000,0
1608269760000,0.00275600,0.00275600,0.00275600,0.00275600,0.00000000,1608269819999,0.00000000,0,0.00000000,0.00000000,0
1608269820000,0.00275600,0.00275600,0.00275600,0.00275600,0.00000000,1608269879999,0.00000000,0,0.00000000,0.00000000,0
1608269880000,0.00275600,0.00275600,0.00275600,0.00275600,0.00000000,1608269939999,0.00000000,0,0.00000000,0.00000000,0
1608269940000,0.00275600,0.00275600,0.00275600,0.00275600,0.00000000,1608269999999,0.00000000,0,0.00000000,0.00000000,0
1608270000000,0.00275600,0.00275600,0.00275600,0.00275600,0.00000000,1608270059999,0.00000000,0,0.00000000,0.00000000,0
1608270060000,0.00275600,0.00275600,0.00275600,0.00275600,0.00000000,1608270119999,0.00000000,0,0.00000000,0.00000000,0
1608270120000,0.00275600,0.00275600,0.00275600,0.00275600,0.00000000,1608270179999,0.00000000,0,0.00000000,0.00000000,0
1608270180000,0.00275600,0.00275600,0.00275600,0.00275600,0.00000000,1608270239999,0.00000000,0,0.00000000,0.00000000,0
1608270240000,0.00275600,0.00275600,0.00275600,0.00275600,0.00000000,1608270299999,0.00000000,0,0.00000000,0.00000000,0
1608270300000,0.00275600,0.00275600,0.00275600,0.00275600,0.00000000,1608270359999,0.00000000,0,0.00000000,0.00000000,0
1608270360000,0.00275600,0.00275600,0.00275600,0.00275600,0.00000000,1608270419999,0.00000000,0,0.00000000,0.00000000,0
1608270420000,0.00275600,0.00275600,0.00275600,0.00275600,0.00000000,1608270479999,0.00000000,0,0.00000000,0.00000000,0
1608270480000,0.00275600,0.00275600,0.00275600,0.00275600,0.00000000,1608270539999,0.00000000,0,0.00000000,0.00000000,0
1608270540000,0.00275600,0.00275600,0.00275600,0.00275600,0.00000000,1608270599999,0.00000000,0,0.00000000,0.00000000,0
1608270600000,0.00275600,0.00275600,0.00275600,0.00275600,0.00000000,1608270659999,0.00000000,0,0.00000000,0.00000000,0
1608270660000,0.00275600,0.00275600,0.00275600,0.00275600,0.00000000,1608270719999,0.00000000,0,0.00000000,0.00000000,0
1608270720000,0.00275600,0.00275600,0.00275600,0.00275600,0.00000000,1608270779999,0.00000000,0,0.00000000,0.00000000,0
1608270780000,0.00275600,0.00275600,0.00275600,0.00275600,0.00000000,1608270839999,0.00000000,0,0.00000000,0.00000000,0
1608270840000,0.00275600,0.00275600,0.00275600,0.00275600,0.00000000,1608270899999,0.00000000,0,0.00000000,0.00000000,0
1608270900000,0.00275600,0.00275600,0.00275600,0.00275600,0.00000000,1608270959999,0.00000000,0,0.00000000,0.00000000,0
1608270960000,0.00275600,0.00275600,0.00275600,0.00275600,0.00000000,1608271019999,0.00000000,0,0.00000000,0.00000000,0
1608271020000,0.00275600,0.00275600,0.00275600,0.00275600,0.00000000,1608271079999,0.00000000,0,0.00000000,0.00000000,0
1608271080000,0.00275600,0.00275600,0.00275600,0.00275600,0.00000000,1608271139999,0.00000000,0,0.00000000,0.00000000,0
1608271140000,0.00275600,0.00275600,0.00275600,0.00275600,0.00000000,1608271199999,0.00000000,0,0.00000000,0.00000000,0
1608271200000,0.00275600,0.00275600,0.00275600,0.00275600,0.00000000,1608271259999,0.00000000,0,0.00000000,0.00000000,0
1608271260000,0.00275600,0.00275600,0.00275600,0.00275600,0.00000000,1608271319999,0.00000000,0,0.00000000,0.00000000,0
1608271320000,0.00275600,0.00275600,0.00275600,0.00275600,0.00000000,1608271379999,0.00000000,0,0.00000000,0.00000000,0
1608271380000,0.00275600,0.00275600,0.00275600,0.00275600,0.00000000,1608271439999,0.00000000,0,0.00000000,0.00000000,0
1608271440000,0.00275600,0.00275600,0.00275600,0.00275600,0.00000000,1608271499999,0.00000000,0,0.00000000,0.00000000,0
1608271500000,0.00275600,0.00275600,0.00275600,0.00275600,0.00000000,1608271559999,0.00000000,0,0.00000000,0.00000000,0
1608271560000,0.00275600,0.00275600,0.00275600,0.00275600,0.00000000,1608271619999,0.00000000,0,0.00000000,0.00000000,0
1608271620000,0.00275600,0.00275600,0.00275600,0.00275600,0.00000000,1608271679999,0.00000000,0,0.00000000,0.00000000,0
1608271680000,0.00275600,0.00275600,0.00275600,0.00275600,0.00000000,1608271739999,0.00000000,0,0.00000000,0.00000000,0
1608271740000,0.00276800,0.00277200,0.00276800,0.00277200,104.00000000,1608271799999,0.28808000,2,104.00000000,0.28808000,0
1608271800000,0.00277600,0.00277600,0.00277600,0.00277600,52.00000000,1608271859999,0.14435200,1,52.00000000,0.14435200,0
1608271860000,0.00277600,0.00277600,0.00277600,0.00277600,0.00000000,1608271919999,0.00000000,0,0.00000000,0.00000000,0
1608271920000,0.00277600,0.00277600,0.00277600,0.00277600,0.00000000,1608271979999,0.00000000,0,0.00000000,0.00000000,0
1608271980000,0.00277600,0.00277600,0.00277600,0.00277600,0.00000000,1608272039999,0.00000000,0,0.00000000,0.00000000,0
1608272040000,0.00276700,0.00276700,0.00276700,0.00276700,52.00000000,1608272099999,0.14388400,1,0.00000000,0.00000000,0
1608272100000,0.00276700,0.00276700,0.00276700,0.00276700,0.00000000,1608272159999,0.00000000,0,0.00000000,0.00000000,0
1608272160000,0.00276700,0.00276700,0.00276700,0.00276700,0.00000000,1608272219999,0.00000000,0,0.00000000,0.00000000,0
1608272220000,0.00276700,0.00276700,0.00276700,0.00276700,0.00000000,1608272279999,0.00000000,0,0.00000000,0.00000000,0
1608272280000,0.00276700,0.00276700,0.00276700,0.00276700,0.00000000,1608272339999,0.00000000,0,0.00000000,0.00000000,0
1608272340000,0.00276700,0.00276700,0.00276700,0.00276700,0.00000000,1608272399999,0.00000000,0,0.00000000,0.00000000,0
1608272400000,0.00277600,0.00277600,0.00277600,0.00277600,52.00000000,1608272459999,0.14435200,1,52.00000000,0.14435200,0
1608272460000,0.00277600,0.00277600,0.00277600,0.00277600,0.00000000,1608272519999,0.00000000,0,0.00000000,0.00000000,0
1608272520000,0.00277600,0.00277600,0.00277600,0.00277600,0.00000000,1608272579999,0.00000000,0,0.00000000,0.00000000,0
1608272580000,0.00277600,0.00277600,0.00277600,0.00277600,0.00000000,1608272639999,0.00000000,0,0.00000000,0.00000000,0
1608272640000,0.00277600,0.00277600,0.00277600,0.00277600,0.00000000,1608272699999,0.00000000,0,0.00000000,0.00000000,0
1608272700000,0.00277600,0.00277600,0.00277600,0.00277600,0.00000000,1608272759999,0.00000000,0,0.00000000,0.00000000,0
1608272760000,0.00277600,0.00277600,0.00277600,0.00277600,0.00000000,1608272819999,0.00000000,0,0.00000000,0.00000000,0
1608272820000,0.00277000,0.00277000,0.00276700,0.00276700,774.00000000,1608272879999,2.14382400,3,722.00000000,1.99994000,0
1608272880000,0.00276700,0.00276700,0.00276700,0.00276700,0.00000000,1608272939999,0.00000000,0,0.00000000,0.00000000,0
1608272940000,0.00276700,0.00276700,0.00276700,0.00276700,0.00000000,1608272999999,0.00000000,0,0.00000000,0.00000000,0
1608273000000,0.00276700,0.00276700,0.00276700,0.00276700,0.00000000,1608273059999,0.00000000,0,0.00000000,0.00000000,0
1608273060000,0.00276700,0.00276700,0.00276700,0.00276700,0.00000000,1608273119999,0.00000000,0,0.00000000,0.00000000,0
1608273120000,0.00276700,0.00276700,0.00276700,0.00276700,0.00000000,1608273179999,0.00000000,0,0.00000000,0.00000000,0
1608273180000,0.00276700,0.00276700,0.00276700,0.00276700,0.00000000,1608273239999,0.00000000,0,0.00000000,0.00000000,0
1608273240000,0.00276700,0.00276700,0.00276700,0.00276700,0.00000000,1608273299999,0.00000000,0,0.00000000,0.00000000,0
1608273300000,0.00276700,0.00276700,0.00276700,0.00276700,0.00000000,1608273359999,0.00000000,0,0.00000000,0.00000000,0
1608273360000,0.00276700,0.00276700,0.00276700,0.00276700,0.00000000,1608273419999,0.00000000,0,0.00000000,0.00000000,0
1608273420000,0.00276700,0.00276700,0.00276700,0.00276700,0.00000000,1608273479999,0.00000000,0,0.00000000,0.00000000,0
1608273480000,0.00276700,0.00276700,0.00276700,0.00276700,0.00000000,1608273539999,0.00000000,0,0.00000000,0.00000000,0
1608273540000,0.00276700,0.00276700,0.00276700,0.00276700,0.00000000,1608273599999,0.00000000,0,0.00000000,0.00000000,0
1608273600000,0.00276700,0.00276700,0.00276700,0.00276700,0.00000000,1608273659999,0.00000000,0,0.00000000,0.00000000,0
1608273660000,0.00276700,0.00276700,0.00276700,0.00276700,0.00000000,1608273719999,0.00000000,0,0.00000000,0.00000000,0
1608273720000,0.00277600,0.00277600,0.00277600,0.00277600,52.00000000,1608273779999,0.14435200,1,52.00000000,0.14435200,0
1608273780000,0.00277600,0.00277600,0.00277600,0.00277600,0.00000000,1608273839999,0.00000000,0,0.00000000,0.00000000,0
1608273840000,0.00277600,0.00277600,0.00277600,0.00277600,0.00000000,1608273899999,0.00000000,0,0.00000000,0.00000000,0
1608273900000,0.00277600,0.00277600,0.00277600,0.00277600,0.00000000,1608273959999,0.00000000,0,0.00000000,0.00000000,0
1608273960000,0.00276700,0.00276700,0.00276700,0.00276700,52.00000000,1608274019999,0.14388400,1,0.00000000,0.00000000,0
1608274020000,0.00276700,0.00276700,0.00276700,0.00276700,0.00000000,1608274079999,0.00000000,0,0.00000000,0.00000000,0
1608274080000,0.00276700,0.00276700,0.00276700,0.00276700,0.00000000,1608274139999,0.00000000,0,0.00000000,0.00000000,0
1608274140000,0.00276700,0.00276700,0.00276700,0.00276700,0.00000000,1608274199999,0.00000000,0,0.00000000,0.00000000,0
1608274200000,0.00276700,0.00276700,0.00276700,0.00276700,0.00000000,1608274259999,0.00000000,0,0.00000000,0.00000000,0
1608274260000,0.00276700,0.00276700,0.00276700,0.00276700,0.00000000,1608274319999,0.00000000,0,0.00000000,0.00000000,0
1608274320000,0.00276300,0.00276300,0.00275900,0.00275900,104.00000000,1608274379999,0.28714400,2,0.00000000,0.00000000,0
1608274380000,0.00275900,0.00275900,0.00275900,0.00275900,0.00000000,1608274439999,0.00000000,0,0.00000000,0.00000000,0
1608274440000,0.00275900,0.00275900,0.00275900,0.00275900,0.00000000,1608274499999,0.00000000,0,0.00000000,0.00000000,0
1608274500000,0.00275900,0.00275900,0.00275900,0.00275900,0.00000000,1608274559999,0.00000000,0,0.00000000,0.00000000,0
1608274560000,0.00275900,0.00275900,0.00275900,0.00275900,0.00000000,1608274619999,0.00000000,0,0.00000000,0.00000000,0
1608274620000,0.00275900,0.00275900,0.00275900,0.00275900,0.00000000,1608274679999,0.00000000,0,0.00000000,0.00000000,0
1608274680000,0.00275900,0.00275900,0.00275900,0.00275900,0.00000000,1608274739999,0.00000000,0,0.00000000,0.00000000,0
1608274740000,0.00275900,0.00275900,0.00275900,0.00275900,0.00000000,1608274799999,0.00000000,0,0.00000000,0.00000000,0
1608274800000,0.00275500,0.00275500,0.00274400,0.00275300,5941.00000000,1608274859999,16.30507600,10,52.00000000,0.14315600,0
1608274860000,0.00275300,0.00275300,0.00275300,0.00275300,0.00000000,1608274919999,0.00000000,0,0.00000000,0.00000000,0
1608274920000,0.00275300,0.00275300,0.00275300,0.00275300,0.00000000,1608274979999,0.00000000,0,0.00000000,0.00000000,0
1608274980000,0.00275700,0.00275700,0.00275700,0.00275700,52.00000000,1608275039999,0.14336400,1,52.00000000,0.14336400,0
1608275040000,0.00275700,0.00275700,0.00275700,0.00275700,0.00000000,1608275099999,0.00000000,0,0.00000000,0.00000000,0
1608275100000,0.00275700,0.00275700,0.00275700,0.00275700,0.00000000,1608275159999,0.00000000,0,0.00000000,0.00000000,0
1608275160000,0.00275700,0.00275700,0.00275700,0.00275700,0.00000000,1608275219999,0.00000000,0,0.00000000,0.00000000,0
1608275220000,0.00275700,0.00275700,0.00275700,0.00275700,0.00000000,1608275279999,0.00000000,0,0.00000000,0.00000000,0
1608275280000,0.00275700,0.00275700,0.00275700,0.00275700,0.00000000,1608275339999,0.00000000,0,0.00000000,0.00000000,0
1608275340000,0.00275700,0.00275700,0.00275700,0.00275700,0.00000000,1608275399999,0.00000000,0,0.00000000,0.00000000,0
1608275400000,0.00275700,0.00275700,0.00275700,0.00275700,0.00000000,1608275459999,0.00000000,0,0.00000000,0.00000000,0
1608275460000,0.00275700,0.00275700,0.00275700,0.00275700,0.00000000,1608275519999,0.00000000,0,0.00000000,0.00000000,0
1608275520000,0.00274800,0.00274800,0.00274800,0.00274800,52.00000000,1608275579999,0.14289600,1,0.00000000,0.00000000,0
1608275580000,0.00274800,0.00274800,0.00274800,0.00274800,0.00000000,1608275639999,0.00000000,0,0.00000000,0.00000000,0
1608275640000,0.00274800,0.00274800,0.00274800,0.00274800,0.00000000,1608275699999,0.00000000,0,0.00000000,0.00000000,0
1608275700000,0.00274800,0.00274800,0.00274800,0.00274800,0.00000000,1608275759999,0.00000000,0,0.00000000,0.00000000,0
1608275760000,0.00274800,0.00274800,0.00274800,0.00274800,0.00000000,1608275819999,0.00000000,0,0.00000000,0.00000000,0
1608275820000,0.00274800,0.00274800,0.00274800,0.00274800,0.00000000,1608275879999,0.00000000,0,0.00000000,0.00000000,0
1608275880000,0.00274800,0.00274800,0.00274800,0.00274800,0.00000000,1608275939999,0.00000000,0,0.00000000,0.00000000,0
1608275940000,0.00274800,0.00274800,0.00274800,0.00274800,0.00000000,1608275999999,0.00000000,0,0.00000000,0.00000000,0
1608276000000,0.00274800,0.00274800,0.00274800,0.00274800,0.00000000,1608276059999,0.00000000,0,0.00000000,0.00000000,0
1608276060000,0.00275700,0.00275700,0.00275700,0.00275700,52.00000000,1608276119999,0.14336400,1,52.00000000,0.14336400,0
1608276120000,0.00276100,0.00279300,0.00276100,0.00276200,1846.00000000,1608276179999,5.11904000,23,1434.00000000,3.97784000,0
1608276180000,0.00275900,0.00275900,0.00275900,0.00275900,52.00000000,1608276239999,0.14346800,1,0.00000000,0.00000000,0
1608276240000,0.00275500,0.00275500,0.00274900,0.00274900,865.00000000,1608276299999,2.37899200,4,0.00000000,0.00000000,0
1608276300000,0.00274900,0.00274900,0.00274900,0.00274900,0.00000000,1608276359999,0.00000000,0,0.00000000,0.00000000,0
1608276360000,0.00274900,0.00274900,0.00274900,0.00274900,0.00000000,1608276419999,0.00000000,0,0.00000000,0.00000000,0
1608276420000,0.00276100,0.00276400,0.00276100,0.00276400,104.00000000,1608276479999,0.28730000,2,104.00000000,0.28730000,0
1608276480000,0.00275500,0.00275500,0.00267600,0.00267600,19785.00000000,1608276539999,53.73084200,71,750.00000000,2.03002200,0
1608276540000,0.00268800,0.00268800,0.00268400,0.00268400,106.00000000,1608276599999,0.28471600,2,0.00000000,0.00000000,0
1608276600000,0.00268000,0.00268000,0.00263800,0.00265900,38479.00000000,1608276659999,102.19526000,35,1996.00000000,5.29609600,0
1608276660000,0.00266300,0.00272500,0.00266300,0.00272500,2133.00000000,1608276719999,5.75173900,30,2133.00000000,5.75173900,0
1608276720000,0.00271600,0.00272700,0.00269500,0.00269500,9406.00000000,1608276779999,25.54223000,15,1661.00000000,4.51507500,0
1608276780000,0.00269100,0.00269100,0.00268800,0.00268800,162.00000000,1608276839999,0.43567100,3,0.00000000,0.00000000,0
1608276840000,0.00268400,0.00268400,0.00268000,0.00268000,151.00000000,1608276899999,0.40498200,3,0.00000000,0.00000000,0
1608276900000,0.00267700,0.00267700,0.00264700,0.00264700,1538.00000000,1608276959999,4.09084300,19,0.00000000,0.00000000,0
1608276960000,0.00265900,0.00265900,0.00265900,0.00265900,43.00000000,1608277019999,0.11433700,1,43.00000000,0.11433700,0
1608277020000,0.00265900,0.00265900,0.00265900,0.00265900,0.00000000,1608277079999,0.00000000,0,0.00000000,0.00000000,0
1608277080000,0.00265900,0.00265900,0.00265900,0.00265900,0.00000000,1608277139999,0.00000000,0,0.00000000,0.00000000,0
1608277140000,0.00265900,0.00265900,0.00265900,0.00265900,0.00000000,1608277199999,0.00000000,0,0.00000000,0.00000000,0
1608277200000,0.00265900,0.00265900,0.00265900,0.00265900,0.00000000,1608277259999,0.00000000,0,0.00000000,0.00000000,0
1608277260000,0.00265900,0.00265900,0.00265900,0.00265900,0.00000000,1608277319999,0.00000000,0,0.00000000,0.00000000,0
1608277320000,0.00265900,0.00266000,0.00265100,0.00265100,3000.00000000,1608277379999,7.97786800,8,1646.00000000,4.37671400,0
1608277380000,0.00264700,0.00265200,0.00263400,0.00264000,15328.00000000,1608277439999,40.37826600,18,182.00000000,0.48197100,0
1608277440000,0.00264300,0.00265200,0.00263300,0.00265200,20414.00000000,1608277499999,53.77990800,11,288.00000000,0.76248900,0
1608277500000,0.00265200,0.00265200,0.00265200,0.00265200,0.00000000,1608277559999,0.00000000,0,0.00000000,0.00000000,0
1608277560000,0.00264400,0.00264400,0.00264400,0.00264400,54.00000000,1608277619999,0.14277600,1,0.00000000,0.00000000,0
1608277620000,0.00264000,0.00264000,0.00262300,0.00262300,4684.00000000,1608277679999,12.32184100,12,955.00000000,2.51165000,0
1608277680000,0.00263400,0.00263700,0.00263400,0.00263700,110.00000000,1608277739999,0.28990500,2,110.00000000,0.28990500,0
1608277740000,0.00262900,0.00262900,0.00262900,0.00262900,55.00000000,1608277799999,0.14459500,1,0.00000000,0.00000000,0
1608277800000,0.00263600,0.00263600,0.00263600,0.00263600,7222.00000000,1608277859999,19.03719200,6,7222.00000000,19.03719200,0
1608277860000,0.00263600,0.00263600,0.00263600,0.00263600,0.00000000,1608277919999,0.00000000,0,0.00000000,0.00000000,0
1608277920000,0.00262700,0.00262700,0.00262700,0.00262700,6527.00000000,1608277979999,17.14642900,1,0.00000000,0.00000000,0
1608277980000,0.00262700,0.00262700,0.00262700,0.00262700,0.00000000,1608278039999,0.00000000,0,0.00000000,0.00000000,0
1608278040000,0.00262700,0.00262700,0.00262700,0.00262700,0.00000000,1608278099999,0.00000000,0,0.00000000,0.00000000,0
1608278100000,0.00262700,0.00262700,0.00262700,0.00262700,0.00000000,1608278159999,0.00000000,0,0.00000000,0.00000000,0
1608278160000,0.00262700,0.00262700,0.00262700,0.00262700,0.00000000,1608278219999,0.00000000,0,0.00000000,0.00000000,0
1608278220000,0.00262600,0.00262600,0.00261700,0.00262000,1403.00000000,1608278279999,3.67627400,5,1000.00000000,2.62000000,0
1608278280000,0.00263400,0.00263500,0.00263400,0.00263500,100.00000000,1608278339999,0.26344500,2,100.00000000,0.26344500,0
1608278340000,0.00263500,0.00263500,0.00263500,0.00263500,0.00000000,1608278399999,0.00000000,0,0.00000000,0.00000000,0
1608278400000,0.00262700,0.00262700,0.00262700,0.00262700,2043.00000000,1608278459999,5.36696100,1,0.00000000,0.00000000,0
1608278460000,0.00262600,0.00262600,0.00262600,0.00262600,55.00000000,1608278519999,0.14443000,1,0.00000000,0.00000000,0
1608278520000,0.00263300,0.00263300,0.00263300,0.00263300,90.00000000,1608278579999,0.23697000,1,90.00000000,0.23697000,0
1608278580000,0.00262000,0.00262000,0.00261500,0.00261500,307.00000000,1608278639999,0.80401500,3,0.00000000,0.00000000,0
1608278640000,0.00260300,0.00260300,0.00260000,0.00260000,586.00000000,1608278699999,1.52373500,2,0.00000000,0.00000000,0
1608278700000,0.00260000,0.00260000,0.00260000,0.00260000,0.00000000,1608278759999,0.00000000,0,0.00000000,0.00000000,0
1608278760000,0.00260000,0.00260000,0.00260000,0.00260000,0.00000000,1608278819999,0.00000000,0,0.00000000,0.00000000,0
1608278820000,0.00260000,0.00260000,0.00260000,0.00260000,0.00000000,1608278879999,0.00000000,0,0.00000000,0.00000000,0
1608278880000,0.00260000,0.00260000,0.00260000,0.00260000,0.00000000,1608278939999,0.00000000,0,0.00000000,0.00000000,0
1608278940000,0.00260000,0.00260000,0.00260000,0.00260000,49.00000000,1608278999999,0.12740000,1,0.00000000,0.00000000,0
1608279000000,0.00260000,0.00261800,0.00260000,0.00261800,227.00000000,1608279059999,0.59351200,2,184.00000000,0.48171200,0
1608279060000,0.00261500,0.00261500,0.00261500,0.00261500,562.00000000,1608279119999,1.46963000,3,562.00000000,1.46963000,0
1608279120000,0.00261400,0.00261400,0.00261400,0.00261400,191.00000000,1608279179999,0.49927400,1,0.00000000,0.00000000,0
1608279180000,0.00261400,0.00261400,0.00261400,0.00261400,0.00000000,1608279239999,0.00000000,0,0.00000000,0.00000000,0
1608279240000,0.00261400,0.00261400,0.00261400,0.00261400,0.00000000,1608279299999,0.00000000,0,0.00000000,0.00000000,0
1608279300000,0.00260000,0.00260000,0.00260000,0.00260000,140.00000000,1608279359999,0.36400000,1,0.00000000,0.00000000,0
1608279360000,0.00260000,0.00260000,0.00260000,0.00260000,0.00000000,1608279419999,0.00000000,0,0.00000000,0.00000000,0
1608279420000,0.00260000,0.00260000,0.00260000,0.00260000,0.00000000,1608279479999,0.00000000,0,0.00000000,0.00000000,0
1608279480000,0.00260000,0.00260000,0.00260000,0.00260000,0.00000000,1608279539999,0.00000000,0,0.00000000,0.00000000,0
1608279540000,0.00260000,0.00260000,0.00260000,0.00260000,0.00000000,1608279599999,0.00000000,0,0.00000000,0.00000000,0
1608279600000,0.00260000,0.00260000,0.00260000,0.00260000,0.00000000,1608279659999,0.00000000,0,0.00000000,0.00000000,0
1608279660000,0.00260000,0.00260000,0.00260000,0.00260000,0.00000000,1608279719999,0.00000000,0,0.00000000,0.00000000,0
1608279720000,0.00260000,0.00260000,0.00260000,0.00260000,322.00000000,1608279779999,0.83720000,2,0.00000000,0.00000000,0
1608279780000,0.00260000,0.00260000,0.00260000,0.00260000,0.00000000,1608279839999,0.00000000,0,0.00000000,0.00000000,0
1608279840000,0.00260000,0.00260000,0.00260000,0.00260000,0.00000000,1608279899999,0.00000000,0,0.00000000,0.00000000,0
1608279900000,0.00261900,0.00261900,0.00261900,0.00261900,45.00000000,1608279959999,0.11785500,1,45.00000000,0.11785500,0
1608279960000,0.00261900,0.00261900,0.00261900,0.00261900,0.00000000,1608280019999,0.00000000,0,0.00000000,0.00000000,0
1608280020000,0.00261900,0.00261900,0.00261900,0.00261900,0.00000000,1608280079999,0.00000000,0,0.00000000,0.00000000,0
1608280080000,0.00261900,0.00261900,0.00261900,0.00261900,0.00000000,1608280139999,0.00000000,0,0.00000000,0.00000000,0
1608280140000,0.00261900,0.00261900,0.00261900,0.00261900,0.00000000,1608280199999,0.00000000,0,0.00000000,0.00000000,0
1608280200000,0.00261900,0.00261900,0.00261900,0.00261900,0.00000000,1608280259999,0.00000000,0,0.00000000,0.00000000,0
1608280260000,0.00261900,0.00261900,0.00261900,0.00261900,0.00000000,1608280319999,0.00000000,0,0.00000000,0.00000000,0
1608280320000,0.00261900,0.00261900,0.00261900,0.00261900,0.00000000,1608280379999,0.00000000,0,0.00000000,0.00000000,0
1608280380000,0.00260300,0.00260300,0.00260300,0.00260300,45.00000000,1608280439999,0.11713500,1,0.00000000,0.00000000,0
1608280440000,0.00260300,0.00260300,0.00260300,0.00260300,0.00000000,1608280499999,0.00000000,0,0.00000000,0.00000000,0
1608280500000,0.00260300,0.00260300,0.00260300,0.00260300,0.00000000,1608280559999,0.00000000,0,0.00000000,0.00000000,0
1608280560000,0.00260300,0.00260300,0.00260300,0.00260300,0.00000000,1608280619999,0.00000000,0,0.00000000,0.00000000,0
1608280620000,0.00259800,0.00259800,0.00259800,0.00259800,151.00000000,1608280679999,0.39229800,1,0.00000000,0.00000000,0
1608280680000,0.00259800,0.00259800,0.00259800,0.00259800,0.00000000,1608280739999,0.00000000,0,0.00000000,0.00000000,0
1608280740000,0.00259800,0.00259800,0.00259800,0.00259800,0.00000000,1608280799999,0.00000000,0,0.00000000,0.00000000,0
1608280800000,0.00259800,0.00259800,0.00259800,0.00259800,0.00000000,1608280859999,0.00000000,0,0.00000000,0.00000000,0
1608280860000,0.00259800,0.00259800,0.00259800,0.00259800,0.00000000,1608280919999,0.00000000,0,0.00000000,0.00000000,0
1608280920000,0.00259800,0.00259800,0.00259800,0.00259800,0.00000000,1608280979999,0.00000000,0,0.00000000,0.00000000,0
1608280980000,0.00259800,0.00259800,0.00259800,0.00259800,0.00000000,1608281039999,0.00000000,0,0.00000000,0.00000000,0
1608281040000,0.00259800,0.00259800,0.00259800,0.00259800,0.00000000,1608281099999,0.00000000,0,0.00000000,0.00000000,0
1608281100000,0.00259800,0.00259800,0.00259800,0.00259800,0.00000000,1608281159999,0.00000000,0,0.00000000,0.00000000,0
1608281160000,0.00259800,0.00259800,0.00259700,0.00259700,168.00000000,1608281219999,0.43640800,3,0.00000000,0.00000000,0
1608281220000,0.00259700,0.00259700,0.00259700,0.00259700,0.00000000,1608281279999,0.00000000,0,0.00000000,0.00000000,0
1608281280000,0.00259700,0.00259700,0.00259700,0.00259700,0.00000000,1608281339999,0.00000000,0,0.00000000,0.00000000,0
1608281340000,0.00259700,0.00259700,0.00259700,0.00259700,0.00000000,1608281399999,0.00000000,0,0.00000000,0.00000000,0
1608281400000,0.00259700,0.00259700,0.00259700,0.00259700,0.00000000,1608281459999,0.00000000,0,0.00000000,0.00000000,0
1608281460000,0.00259700,0.00259700,0.00259700,0.00259700,0.00000000,1608281519999,0.00000000,0,0.00000000,0.00000000,0
1608281520000,0.00259700,0.00259700,0.00259700,0.00259700,0.00000000,1608281579999,0.00000000,0,0.00000000,0.00000000,0
1608281580000,0.00259700,0.00259700,0.00259700,0.00259700,0.00000000,1608281639999,0.00000000,0,0.00000000,0.00000000,0
1608281640000,0.00259700,0.00259700,0.00259700,0.00259700,0.00000000,1608281699999,0.00000000,0,0.00000000,0.00000000,0
1608281700000,0.00259700,0.00259700,0.00259700,0.00259700,0.00000000,1608281759999,0.00000000,0,0.00000000,0.00000000,0
1608281760000,0.00259700,0.00259700,0.00259700,0.00259700,0.00000000,1608281819999,0.00000000,0,0.00000000,0.00000000,0
1608281820000,0.00259700,0.00259700,0.00259700,0.00259700,0.00000000,1608281879999,0.00000000,0,0.00000000,0.00000000,0
1608281880000,0.00259700,0.00259700,0.00259700,0.00259700,0.00000000,1608281939999,0.00000000,0,0.00000000,0.00000000,0
1608281940000,0.00259700,0.00259700,0.00259700,0.00259700,0.00000000,1608281999999,0.00000000,0,0.00000000,0.00000000,0
1608282000000,0.00259700,0.00259700,0.00259700,0.00259700,0.00000000,1608282059999,0.00000000,0,0.00000000,0.00000000,0
1608282060000,0.00261500,0.00261900,0.00261500,0.00261900,5666.00000000,1608282119999,14.82826600,4,2975.00000000,7.79130100,0
1608282120000,0.00260300,0.00260300,0.00260300,0.00260300,45.00000000,1608282179999,0.11713500,1,0.00000000,0.00000000,0
1608282180000,0.00260300,0.00260300,0.00260300,0.00260300,0.00000000,1608282239999,0.00000000,0,0.00000000,0.00000000,0
1608282240000,0.00260300,0.00260300,0.00260300,0.00260300,0.00000000,1608282299999,0.00000000,0,0.00000000,0.00000000,0
1608282300000,0.00260300,0.00260300,0.00260300,0.00260300,0.00000000,1608282359999,0.00000000,0,0.00000000,0.00000000,0
1608282360000,0.00259700,0.00259700,0.00259700,0.00259700,5660.00000000,1608282419999,14.69902000,2,5604.00000000,14.55358800,0
1608282420000,0.00259700,0.00259700,0.00259700,0.00259700,0.00000000,1608282479999,0.00000000,0,0.00000000,0.00000000,0
1608282480000,0.00259700,0.00259700,0.00259700,0.00259700,0.00000000,1608282539999,0.00000000,0,0.00000000,0.00000000,0
1608282540000,0.00259700,0.00259700,0.00259700,0.00259700,0.00000000,1608282599999,0.00000000,0,0.00000000,0.00000000,0
1608282600000,0.00259700,0.00259700,0.00259700,0.00259700,0.00000000,1608282659999,0.00000000,0,0.00000000,0.00000000,0
1608282660000,0.00259700,0.00259700,0.00259700,0.00259700,0.00000000,1608282719999,0.00000000,0,0.00000000,0.00000000,0
1608282720000,0.00259700,0.00259700,0.00259700,0.00259700,0.00000000,1608282779999,0.00000000,0,0.00000000,0.00000000,0
1608282780000,0.00259700,0.00259700,0.00259700,0.00259700,0.00000000,1608282839999,0.00000000,0,0.00000000,0.00000000,0
1608282840000,0.00259700,0.00259700,0.00259700,0.00259700,0.00000000,1608282899999,0.00000000,0,0.00000000,0.00000000,0
1608282900000,0.00259700,0.00259700,0.00259700,0.00259700,0.00000000,1608282959999,0.00000000,0,0.00000000,0.00000000,0
1608282960000,0.00259700,0.00259700,0.00259700,0.00259700,0.00000000,1608283019999,0.00000000,0,0.00000000,0.00000000,0
1608283020000,0.00259700,0.00259700,0.00259700,0.00259700,0.00000000,1608283079999,0.00000000,0,0.00000000,0.00000000,0
1608283080000,0.00259700,0.00259700,0.00259700,0.00259700,0.00000000,1608283139999,0.00000000,0,0.00000000,0.00000000,0
1608283140000,0.00259700,0.00259700,0.00259700,0.00259700,0.00000000,1608283199999,0.00000000,0,0.00000000,0.00000000,0
1608283200000,0.00259700,0.00259700,0.00259700,0.00259700,0.00000000,1608283259999,0.00000000,0,0.00000000,0.00000000,0
1608283260000,0.00259700,0.00259700,0.00259700,0.00259700,0.00000000,1608283319999,0.00000000,0,0.00000000,0.00000000,0
1608283320000,0.00259700,0.00259700,0.00259700,0.00259700,0.00000000,1608283379999,0.00000000,0,0.00000000,0.00000000,0
1608283380000,0.00259700,0.00259700,0.00259700,0.00259700,0.00000000,1608283439999,0.00000000,0,0.00000000,0.00000000,0
1608283440000,0.00259700,0.00259700,0.00259700,0.00259700,0.00000000,1608283499999,0.00000000,0,0.00000000,0.00000000,0
1608283500000,0.00259700,0.00259700,0.00259700,0.00259700,0.00000000,1608283559999,0.00000000,0,0.00000000,0.00000000,0
1608283560000,0.00259700,0.00259700,0.00259700,0.00259700,0.00000000,1608283619999,0.00000000,0,0.00000000,0.00000000,0
1608283620000,0.00259700,0.00259700,0.00259700,0.00259700,0.00000000,1608283679999,0.00000000,0,0.00000000,0.00000000,0
1608283680000,0.00259700,0.00259700,0.00259700,0.00259700,0.00000000,1608283739999,0.00000000,0,0.00000000,0.00000000,0
1608283740000,0.00259700,0.00259700,0.00259700,0.00259700,0.00000000,1608283799999,0.00000000,0,0.00000000,0.00000000,0
1608283800000,0.00259700,0.00259700,0.00259700,0.00259700,0.00000000,1608283859999,0.00000000,0,0.00000000,0.00000000,0
1608283860000,0.00259700,0.00259700,0.00259700,0.00259700,0.00000000,1608283919999,0.00000000,0,0.00000000,0.00000000,0
1608283920000,0.00259700,0.00259700,0.00259700,0.00259700,0.00000000,1608283979999,0.00000000,0,0.00000000,0.00000000,0
1608283980000,0.00259700,0.00259700,0.00259700,0.00259700,0.00000000,1608284039999,0.00000000,0,0.00000000,0.00000000,0
1608284040000,0.00259700,0.00259700,0.00259700,0.00259700,0.00000000,1608284099999,0.00000000,0,0.00000000,0.00000000,0
1608284100000,0.00259700,0.00259700,0.00259700,0.00259700,52.00000000,1608284159999,0.13504400,1,52.00000000,0.13504400,0
1608284160000,0.00259700,0.00259700,0.00259700,0.00259700,0.00000000,1608284219999,0.00000000,0,0.00000000,0.00000000,0
1608284220000,0.00259700,0.00259700,0.00259700,0.00259700,0.00000000,1608284279999,0.00000000,0,0.00000000,0.00000000,0
1608284280000,0.00259700,0.00259700,0.00259700,0.00259700,0.00000000,1608284339999,0.00000000,0,0.00000000,0.00000000,0
1608284340000,0.00259700,0.00259700,0.00259700,0.00259700,0.00000000,1608284399999,0.00000000,0,0.00000000,0.00000000,0
1608284400000,0.00259000,0.00259000,0.00258700,0.00258700,498.00000000,1608284459999,1.28929900,3,0.00000000,0.00000000,0
1608284460000,0.00258700,0.00258700,0.00258700,0.00258700,0.00000000,1608284519999,0.00000000,0,0.00000000,0.00000000,0
1608284520000,0.00258700,0.00258700,0.00258700,0.00258700,0.00000000,1608284579999,0.00000000,0,0.00000000,0.00000000,0
1608284580000,0.00258700,0.00258700,0.00258700,0.00258700,0.00000000,1608284639999,0.00000000,0,0.00000000,0.00000000,0
1608284640000,0.00258700,0.00258700,0.00258700,0.00258700,0.00000000,1608284699999,0.00000000,0,0.00000000,0.00000000,0
1608284700000,0.00258700,0.00258700,0.00258700,0.00258700,0.00000000,1608284759999,0.00000000,0,0.00000000,0.00000000,0
1608284760000,0.00258700,0.00258700,0.00258700,0.00258700,0.00000000,1608284819999,0.00000000,0,0.00000000,0.00000000,0
1608284820000,0.00258700,0.00258700,0.00258700,0.00258700,0.00000000,1608284879999,0.00000000,0,0.00000000,0.00000000,0
1608284880000,0.00258700,0.00258700,0.00258700,0.00258700,0.00000000,1608284939999,0.00000000,0,0.00000000,0.00000000,0
1608284940000,0.00258700,0.00258700,0.00258700,0.00258700,0.00000000,1608284999999,0.00000000,0,0.00000000,0.00000000,0
1608285000000,0.00258700,0.00258700,0.00258700,0.00258700,0.00000000,1608285059999,0.00000000,0,0.00000000,0.00000000,0
1608285060000,0.00258300,0.00258300,0.00258300,0.00258300,155.00000000,1608285119999,0.40036500,1,0.00000000,0.00000000,0
1608285120000,0.00258300,0.00258300,0.00258300,0.00258300,0.00000000,1608285179999,0.00000000,0,0.00000000,0.00000000,0
1608285180000,0.00258300,0.00258300,0.00258300,0.00258300,0.00000000,1608285239999,0.00000000,0,0.00000000,0.00000000,0
1608285240000,0.00258300,0.00258300,0.00258300,0.00258300,0.00000000,1608285299999,0.00000000,0,0.00000000,0.00000000,0
1608285300000,0.00257900,0.00257900,0.00257900,0.00257900,56.00000000,1608285359999,0.14442400,1,0.00000000,0.00000000,0
1608285360000,0.00257900,0.00257900,0.00257900,0.00257900,0.00000000,1608285419999,0.00000000,0,0.00000000,0.00000000,0
1608285420000,0.00257900,0.00257900,0.00257800,0.00257800,7525.00000000,1608285479999,19.39974100,2,0.00000000,0.00000000,0
1608285480000,0.00257800,0.00257800,0.00257800,0.00257800,0.00000000,1608285539999,0.00000000,0,0.00000000,0.00000000,0
1608285540000,0.00257800,0.00257800,0.00257800,0.00257800,0.00000000,1608285599999,0.00000000,0,0.00000000,0.00000000,0
1608285600000,0.00257800,0.00257800,0.00257800,0.00257800,0.00000000,1608285659999,0.00000000,0,0.00000000,0.00000000,0
1608285660000,0.00257800,0.00257800,0.00257800,0.00257800,0.00000000,1608285719999,0.00000000,0,0.00000000,0.00000000,0
1608285720000,0.00257800,0.00257800,0.00257800,0.00257800,0.00000000,1608285779999,0.00000000,0,0.00000000,0.00000000,0
1608285780000,0.00257800,0.00257800,0.00257800,0.00257800,0.00000000,1608285839999,0.00000000,0,0.00000000,0.00000000,0
1608285840000,0.00257700,0.00257700,0.00257700,0.00257700,43.00000000,1608285899999,0.11081100,1,0.00000000,0.00000000,0
1608285900000,0.00257700,0.00257700,0.00257700,0.00257700,0.00000000,1608285959999,0.00000000,0,0.00000000,0.00000000,0
1608285960000,0.00259600,0.00259600,0.00259600,0.00259600,56233.00000000,1608286019999,145.98086800,3,400.00000000,1.03840000,0
1608286020000,0.00259600,0.00259600,0.00259600,0.00259600,0.00000000,1608286079999,0.00000000,0,0.00000000,0.00000000,0
1608286080000,0.00259600,0.00259600,0.00259600,0.00259600,0.00000000,1608286139999,0.00000000,0,0.00000000,0.00000000,0
1608286140000,0.00259600,0.00259600,0.00259600,0.00259600,0.00000000,1608286199999,0.00000000,0,0.00000000,0.00000000,0
1608286200000,0.00259600,0.00259600,0.00259600,0.00259600,0.00000000,1608286259999,0.00000000,0,0.00000000,0.00000000,0
1608286260000,0.00259600,0.00259600,0.00259600,0.00259600,0.00000000,1608286319999,0.00000000,0,0.00000000,0.00000000,0
1608286320000,0.00259500,0.00259600,0.00259500,0.00259600,9682.00000000,1608286379999,25.12497500,4,9682.00000000,25.12497500,0
1608286380000,0.00259600,0.00259600,0.00259600,0.00259600,0.00000000,1608286439999,0.00000000,0,0.00000000,0.00000000,0
1608286440000,0.00259600,0.00259600,0.00259600,0.00259600,0.00000000,1608286499999,0.00000000,0,0.00000000,0.00000000,0
1608286500000,0.00259600,0.00259600,0.00259600,0.00259600,0.00000000,1608286559999,0.00000000,0,0.00000000,0.00000000,0
1608286560000,0.00257500,0.00257500,0.00257500,0.00257500,4428.00000000,1608286619999,11.40210000,1,0.00000000,0.00000000,0
1608286620000,0.00257500,0.00257500,0.00257500,0.00257500,0.00000000,1608286679999,0.00000000,0,0.00000000,0.00000000,0
1608286680000,0.00257300,0.00257300,0.00257100,0.00257100,245.00000000,1608286739999,0.63029500,2,0.00000000,0.00000000,0
1608286740000,0.00257100,0.00257100,0.00257100,0.00257100,0.00000000,1608286799999,0.00000000,0,0.00000000,0.00000000,0
1608286800000,0.00256500,0.00256500,0.00256500,0.00256500,237.00000000,1608286859999,0.60790500,1,0.00000000,0.00000000,0
1608286860000,0.00256500,0.00256500,0.00256500,0.00256500,0.00000000,1608286919999,0.00000000,0,0.00000000,0.00000000,0
1608286920000,0.00256500,0.00256500,0.00256500,0.00256500,0.00000000,1608286979999,0.00000000,0,0.00000000,0.00000000,0
1608286980000,0.00256500,0.00256500,0.00256500,0.00256500,0.00000000,1608287039999,0.00000000,0,0.00000000,0.00000000,0
1608287040000,0.00256500,0.00256500,0.00256500,0.00256500,0.00000000,1608287099999,0.00000000,0,0.00000000,0.00000000,0
1608287100000,0.00256500,0.00256500,0.00256500,0.00256500,0.00000000,1608287159999,0.00000000,0,0.00000000,0.00000000,0
1608287160000,0.00256500,0.00256500,0.00256500,0.00256500,0.00000000,1608287219999,0.00000000,0,0.00000000,0.00000000,0
1608287220000,0.00256500,0.00256500,0.00256500,0.00256500,0.00000000,1608287279999,0.00000000,0,0.00000000,0.00000000,0
1608287280000,0.00256500,0.00256500,0.00256500,0.00256500,0.00000000,1608287339999,0.00000000,0,0.00000000,0.00000000,0
1608287340000,0.00256500,0.00256500,0.00256500,0.00256500,0.00000000,1608287399999,0.00000000,0,0.00000000,0.00000000,0
1608287400000,0.00258700,0.00258700,0.00258700,0.00258700,45.00000000,1608287459999,0.11641500,1,45.00000000,0.11641500,0
1608287460000,0.00258700,0.00258700,0.00258700,0.00258700,0.00000000,1608287519999,0.00000000,0,0.00000000,0.00000000,0
1608287520000,0.00258700,0.00258700,0.00258700,0.00258700,0.00000000,1608287579999,0.00000000,0,0.00000000,0.00000000,0
1608287580000,0.00258700,0.00258700,0.00258700,0.00258700,0.00000000,1608287639999,0.00000000,0,0.00000000,0.00000000,0
1608287640000,0.00258700,0.00258700,0.00258700,0.00258700,0.00000000,1608287699999,0.00000000,0,0.00000000,0.00000000,0
1608287700000,0.00258700,0.00258700,0.00258700,0.00258700,0.00000000,1608287759999,0.00000000,0,0.00000000,0.00000000,0
1608287760000,0.00258700,0.00258700,0.00258700,0.00258700,0.00000000,1608287819999,0.00000000,0,0.00000000,0.00000000,0
1608287820000,0.00258700,0.00258700,0.00258700,0.00258700,0.00000000,1608287879999,0.00000000,0,0.00000000,0.00000000,0
1608287880000,0.00258700,0.00258700,0.00258700,0.00258700,0.00000000,1608287939999,0.00000000,0,0.00000000,0.00000000,0
1608287940000,0.00259000,0.00259000,0.00259000,0.00259000,39.00000000,1608287999999,0.10101000,1,39.00000000,0.10101000,0
1608288000000,0.00259000,0.00259000,0.00259000,0.00259000,0.00000000,1608288059999,0.00000000,0,0.00000000,0.00000000,0
1608288060000,0.00259000,0.00259000,0.00259000,0.00259000,0.00000000,1608288119999,0.00000000,0,0.00000000,0.00000000,0
1608288120000,0.00259000,0.00259000,0.00259000,0.00259000,0.00000000,1608288179999,0.00000000,0,0.00000000,0.00000000,0
1608288180000,0.00259000,0.00259000,0.00259000,0.00259000,0.00000000,1608288239999,0.00000000,0,0.00000000,0.00000000,0
1608288240000,0.00259000,0.00259000,0.00259000,0.00259000,0.00000000,1608288299999,0.00000000,0,0.00000000,0.00000000,0
1608288300000,0.00259000,0.00259000,0.00259000,0.00259000,0.00000000,1608288359999,0.00000000,0,0.00000000,0.00000000,0
1608288360000,0.00259000,0.00259000,0.00259000,0.00259000,0.00000000,1608288419999,0.00000000,0,0.00000000,0.00000000,0
1608288420000,0.00259000,0.00259000,0.00259000,0.00259000,0.00000000,1608288479999,0.00000000,0,0.00000000,0.00000000,0
1608288480000,0.00259000,0.00259000,0.00259000,0.00259000,0.00000000,1608288539999,0.00000000,0,0.00000000,0.00000000,0
1608288540000,0.00259000,0.00259000,0.00259000,0.00259000,0.00000000,1608288599999,0.00000000,0,0.00000000,0.00000000,0
1608288600000,0.00259000,0.00259000,0.00259000,0.00259000,0.00000000,1608288659999,0.00000000,0,0.00000000,0.00000000,0
1608288660000,0.00259000,0.00259000,0.00259000,0.00259000,0.00000000,1608288719999,0.00000000,0,0.00000000,0.00000000,0
1608288720000,0.00259000,0.00259000,0.00259000,0.00259000,0.00000000,1608288779999,0.00000000,0,0.00000000,0.00000000,0
1608288780000,0.00259000,0.00259000,0.00259000,0.00259000,0.00000000,1608288839999,0.00000000,0,0.00000000,0.00000000,0
1608288840000,0.00259000,0.00259000,0.00259000,0.00259000,63.00000000,1608288899999,0.16317000,1,63.00000000,0.16317000,0
1608288900000,0.00259000,0.00259000,0.00259000,0.00259000,0.00000000,1608288959999,0.00000000,0,0.00000000,0.00000000,0
1608288960000,0.00259000,0.00259000,0.00259000,0.00259000,0.00000000,1608289019999,0.00000000,0,0.00000000,0.00000000,0
1608289020000,0.00259000,0.00259000,0.00259000,0.00259000,0.00000000,1608289079999,0.00000000,0,0.00000000,0.00000000,0
1608289080000,0.00259600,0.00259600,0.00259600,0.00259600,100.00000000,1608289139999,0.25960000,2,77.00000000,0.19989200,0
1608289140000,0.00259600,0.00259600,0.00259600,0.00259600,0.00000000,1608289199999,0.00000000,0,0.00000000,0.00000000,0
1608289200000,0.00259600,0.00259600,0.00259600,0.00259600,0.00000000,1608289259999,0.00000000,0,0.00000000,0.00000000,0
1608289260000,0.00259700,0.00259800,0.00259700,0.00259800,22345.00000000,1608289319999,58.05225400,14,22345.00000000,58.05225400,0
1608289320000,0.00259800,0.00259800,0.00259800,0.00259800,0.00000000,1608289379999,0.00000000,0,0.00000000,0.00000000,0
1608289380000,0.00259800,0.00259800,0.00259800,0.00259800,0.00000000,1608289439999,0.00000000,0,0.00000000,0.00000000,0
1608289440000,0.00259800,0.00259800,0.00259800,0.00259800,0.00000000,1608289499999,0.00000000,0,0.00000000,0.00000000,0
1608289500000,0.00259800,0.00259800,0.00259800,0.00259800,0.00000000,1608289559999,0.00000000,0,0.00000000,0.00000000,0
1608289560000,0.00259800,0.00259800,0.00259800,0.00259800,0.00000000,1608289619999,0.00000000,0,0.00000000,0.00000000,0
1608289620000,0.00259800,0.00259800,0.00259800,0.00259800,9554.00000000,1608289679999,24.82129200,2,9554.00000000,24.82129200,0
1608289680000,0.00259800,0.00261500,0.00259800,0.00261500,62.00000000,1608289739999,0.16136900,3,62.00000000,0.16136900,0
1608289740000,0.00261500,0.00261500,0.00261500,0.00261500,0.00000000,1608289799999,0.00000000,0,0.00000000,0.00000000,0
1608289800000,0.00261500,0.00261500,0.00261500,0.00261500,0.00000000,1608289859999,0.00000000,0,0.00000000,0.00000000,0
1608289860000,0.00261500,0.00261500,0.00261500,0.00261500,0.00000000,1608289919999,0.00000000,0,0.00000000,0.00000000,0
1608289920000,0.00261500,0.00261500,0.00261500,0.00261500,0.00000000,1608289979999,0.00000000,0,0.00000000,0.00000000,0
1608289980000,0.00261500,0.00261500,0.00261500,0.00261500,0.00000000,1608290039999,0.00000000,0,0.00000000,0.00000000,0
1608290040000,0.00261500,0.00261500,0.00261500,0.00261500,0.00000000,1608290099999,0.00000000,0,0.00000000,0.00000000,0
1608290100000,0.00261500,0.00261500,0.00261500,0.00261500,0.00000000,1608290159999,0.00000000,0,0.00000000,0.00000000,0
1608290160000,0.00261500,0.00261500,0.00261500,0.00261500,0.00000000,1608290219999,0.00000000,0,0.00000000,0.00000000,0
1608290220000,0.00261500,0.00261500,0.00261500,0.00261500,0.00000000,1608290279999,0.00000000,0,0.00000000,0.00000000,0
1608290280000,0.00261500,0.00261500,0.00261500,0.00261500,0.00000000,1608290339999,0.00000000,0,0.00000000,0.00000000,0
1608290340000,0.00261500,0.00261500,0.00261500,0.00261500,0.00000000,1608290399999,0.00000000,0,0.00000000,0.00000000,0
1608290400000,0.00261500,0.00261500,0.00261500,0.00261500,0.00000000,1608290459999,0.00000000,0,0.00000000,0.00000000,0
1608290460000,0.00261500,0.00261500,0.00261500,0.00261500,0.00000000,1608290519999,0.00000000,0,0.00000000,0.00000000,0
1608290520000,0.00261500,0.00261500,0.00261500,0.00261500,0.00000000,1608290579999,0.00000000,0,0.00000000,0.00000000,0
1608290580000,0.00261500,0.00261500,0.00261500,0.00261500,0.00000000,1608290639999,0.00000000,0,0.00000000,0.00000000,0
1608290640000,0.00261500,0.00261500,0.00261500,0.00261500,0.00000000,1608290699999,0.00000000,0,0.00000000,0.00000000,0
1608290700000,0.00261500,0.00261500,0.00261500,0.00261500,0.00000000,1608290759999,0.00000000,0,0.00000000,0.00000000,0
1608290760000,0.00261500,0.00261500,0.00261500,0.00261500,0.00000000,1608290819999,0.00000000,0,0.00000000,0.00000000,0
1608290820000,0.00261500,0.00261500,0.00261500,0.00261500,0.00000000,1608290879999,0.00000000,0,0.00000000,0.00000000,0
1608290880000,0.00261500,0.00261500,0.00261500,0.00261500,0.00000000,1608290939999,0.00000000,0,0.00000000,0.00000000,0
1608290940000,0.00260700,0.00260700,0.00260700,0.00260700,2888.00000000,1608290999999,7.52901600,41,2888.00000000,7.52901600,0
1608291000000,0.00260700,0.00260700,0.00260700,0.00260700,0.00000000,1608291059999,0.00000000,0,0.00000000,0.00000000,0
1608291060000,0.00260700,0.00260700,0.00260700,0.00260700,0.00000000,1608291119999,0.00000000,0,0.00000000,0.00000000,0
1608291120000,0.00260700,0.00260700,0.00260700,0.00260700,0.00000000,1608291179999,0.00000000,0,0.00000000,0.00000000,0
1608291180000,0.00260700,0.00260700,0.00260700,0.00260700,0.00000000,1608291239999,0.00000000,0,0.00000000,0.00000000,0
1608291240000,0.00260700,0.00260700,0.00260700,0.00260700,0.00000000,1608291299999,0.00000000,0,0.00000000,0.00000000,0
1608291300000,0.00260700,0.00260700,0.00260700,0.00260700,0.00000000,1608291359999,0.00000000,0,0.00000000,0.00000000,0
1608291360000,0.00260700,0.00260700,0.00260700,0.00260700,0.00000000,1608291419999,0.00000000,0,0.00000000,0.00000000,0
1608291420000,0.00260700,0.00260700,0.00260700,0.00260700,0.00000000,1608291479999,0.00000000,0,0.00000000,0.00000000,0
1608291480000,0.00260700,0.00260700,0.00260700,0.00260700,0.00000000,1608291539999,0.00000000,0,0.00000000,0.00000000,0
1608291540000,0.00259200,0.00259200,0.00259200,0.00259200,415.00000000,1608291599999,1.07568000,1,0.00000000,0.00000000,0
1608291600000,0.00259200,0.00259200,0.00259200,0.00259200,0.00000000,1608291659999,0.00000000,0,0.00000000,0.00000000,0
1608291660000,0.00259200,0.00259200,0.00259200,0.00259200,0.00000000,1608291719999,0.00000000,0,0.00000000,0.00000000,0
1608291720000,0.00259200,0.00259200,0.00259200,0.00259200,0.00000000,1608291779999,0.00000000,0,0.00000000,0.00000000,0
1608291780000,0.00259200,0.00259200,0.00259200,0.00259200,0.00000000,1608291839999,0.00000000,0,0.00000000,0.00000000,0
1608291840000,0.00259200,0.00259200,0.00259200,0.00259200,0.00000000,1608291899999,0.00000000,0,0.00000000,0.00000000,0
1608291900000,0.00259200,0.00259200,0.00259200,0.00259200,0.00000000,1608291959999,0.00000000,0,0.00000000,0.00000000,0
1608291960000,0.00261300,0.00261300,0.00261300,0.00261300,65.00000000,1608292019999,0.16984500,1,65.00000000,0.16984500,0
1608292020000,0.00261300,0.00261300,0.00261300,0.00261300,0.00000000,1608292079999,0.00000000,0,0.00000000,0.00000000,0
1608292080000,0.00261300,0.00261300,0.00261300,0.00261300,0.00000000,1608292139999,0.00000000,0,0.00000000,0.00000000,0
1608292140000,0.00261300,0.00261300,0.00261300,0.00261300,0.00000000,1608292199999,0.00000000,0,0.00000000,0.00000000,0
1608292200000,0.00261300,0.00261300,0.00261300,0.00261300,0.00000000,1608292259999,0.00000000,0,0.00000000,0.00000000,0
1608292260000,0.00261300,0.00261300,0.00261300,0.00261300,0.00000000,1608292319999,0.00000000,0,0.00000000,0.00000000,0
1608292320000,0.00261300,0.00261300,0.00261300,0.00261300,0.00000000,1608292379999,0.00000000,0,0.00000000,0.00000000,0
1608292380000,0.00261300,0.00261300,0.00261300,0.00261300,0.00000000,1608292439999,0.00000000,0,0.00000000,0.00000000,0
1608292440000,0.00261300,0.00261300,0.00261300,0.00261300,0.00000000,1608292499999,0.00000000,0,0.00000000,0.00000000,0
1608292500000,0.00261300,0.00261300,0.00261300,0.00261300,0.00000000,1608292559999,0.00000000,0,0.00000000,0.00000000,0
1608292560000,0.00261300,0.00261300,0.00261300,0.00261300,0.00000000,1608292619999,0.00000000,0,0.00000000,0.00000000,0
1608292620000,0.00261300,0.00261300,0.00261300,0.00261300,0.00000000,1608292679999,0.00000000,0,0.00000000,0.00000000,0
1608292680000,0.00261300,0.00261300,0.00261300,0.00261300,0.00000000,1608292739999,0.00000000,0,0.00000000,0.00000000,0
1608292740000,0.00261300,0.00261300,0.00261300,0.00261300,0.00000000,1608292799999,0.00000000,0,0.00000000,0.00000000,0
